id,request_time,origin_lat,origin_lon,dest_lat,dest_lon,mode
0,1081,37.492282166912084,127.15374915477466,37.55699285,127.1798497,taxi
1,1081,37.55827535,127.20138049999998,37.577962,127.1936437,taxi
2,1081,37.5598556,127.19563765000001,37.48139775,127.14531495,taxi
3,1081,37.55387895,127.18629630000001,37.50523040337301,127.13601550758166,taxi
4,1081,37.53609215,127.1953805,37.49863283468298,127.14683717947028,taxi
5,1082,37.57617012270938,127.17636272193083,37.49224577425025,127.15709011469654,taxi
6,1082,37.531391,127.14450604999999,37.5380627,127.15223575,taxi
7,1082,37.56856775,127.19869375,37.5731994,127.18028129999999,taxi
8,1082,37.5413621,127.2140064,37.571319349999996,127.209372,taxi
9,1083,37.50114085,127.1476811,37.576547250000004,127.1853006,taxi
10,1084,37.5536517,127.1700251,37.48632812749202,127.14365523256429,taxi
11,1084,37.46986842437617,127.14039918045614,37.538968600000004,127.21241845,taxi
12,1085,37.51130948053372,127.12982163746841,37.574100400000006,127.18473825000001,taxi
13,1085,37.5511678,127.2030436,37.5659556,127.18918845000002,taxi
14,1085,37.469161650000004,127.15858724999998,37.503311538198815,127.2307962791962,taxi
15,1086,37.46981986425352,127.16626669365291,37.478841749999994,127.1393868,taxi
16,1086,37.55592085008069,127.18918141029394,37.56581106524432,127.17624603710063,taxi
17,1087,37.54483285,127.21241090000001,37.556821984249595,127.17319486105292,taxi
18,1087,37.559911199999995,127.1891349,37.51854362819359,127.14039417267958,taxi
19,1087,37.47703934233575,127.1423214670187,37.4995275,127.13528289999999,taxi
20,1087,37.5613636,127.19095885,37.548635480758634,127.22716251363363,taxi
21,1088,37.52529505,127.2268377,37.568513943823575,127.1762162270587,taxi
22,1088,37.58088755,127.2160693,37.50831860000001,127.14896825,taxi
23,1088,37.491091350000005,127.15570944999999,37.5040423,127.1318487,taxi
24,1088,37.55871955,127.19199025,37.5895058868009,127.17147996408208,taxi
25,1089,37.4679571,127.13718155000002,37.578500063140716,127.22497297298638,taxi
26,1090,37.573882999999995,127.17798945,37.54225707565189,127.17560284939046,taxi
27,1091,37.5112944,127.1338695,37.57686415,127.2280681,taxi
28,1091,37.495439149999996,127.15836974999999,37.5010251,127.13360315000001,taxi
29,1091,37.50347116646856,127.13124735260598,37.59615733194034,127.17704961782722,taxi
30,1092,37.541902500000006,127.2067796,37.5487616537778,127.18318735957612,taxi
31,1092,37.53511470380719,127.2639564713194,37.58240368280375,127.21087384940665,taxi
32,1092,37.4973215,127.1501322,37.59717228671511,127.17532993931663,taxi
33,1093,37.58385581512638,127.1580175357476,37.565864055474755,127.18619210541527,taxi
34,1093,37.5384928,127.19729195,37.482579455126576,127.13891248371755,taxi
35,1093,37.54756661073003,127.19844631437104,37.4784803574521,127.13739782891419,taxi
36,1094,37.547826400000005,127.25243119999999,37.50304735,127.13537615,taxi
37,1094,37.51913735409204,127.1371541175007,37.573073845189626,127.17953120392524,taxi
38,1095,37.53447855,127.15094375,37.574676235647935,127.19189134125406,taxi
39,1095,37.559491,127.2004676,37.4821676825115,127.14726265918193,taxi
40,1095,37.4589442,127.1678917,37.486365,127.1608288,taxi
41,1095,37.55601292908855,127.19234802955755,37.493049114523295,127.15491944731421,taxi
42,1095,37.53907235673105,127.19683124073211,37.514689000000004,127.13318375,taxi
43,1096,37.57726825,127.18191935,37.47357961650323,127.14830043397863,taxi
44,1096,37.548051650000005,127.20985895,37.54580629180043,127.21789574105718,taxi
45,1097,37.58595146249056,127.21572735473944,37.5896891,127.20101715,taxi
46,1098,37.4730971816624,127.15443230171974,37.55797289503493,127.19125555120465,taxi
47,1098,37.504660799999996,127.13258480000002,37.54922764375337,127.17418334784719,taxi
48,1098,37.55714653607343,127.1796930531137,37.55343486375223,127.18547395241883,taxi
49,1099,37.53851485,127.18196965,37.55708202766249,127.20506818808438,taxi
50,1099,37.55378025421449,127.19595599827059,37.50581395,127.1338714,taxi
51,1099,37.591564,127.211112,37.54665455,127.1539763,taxi
52,1099,37.5448702694728,127.19409987131212,37.5772518,127.18641195000002,taxi
53,1100,37.47631323814819,127.14704178110334,37.46028068042059,127.17004715739948,taxi
54,1100,37.55797695,127.18787175,37.5774586,127.18260995000001,taxi
55,1102,37.51375380576135,127.143834420819,37.5503193901514,127.20132952060024,taxi
56,1102,37.49557352733536,127.15973598846503,37.5417153,127.2111972,taxi
57,1103,37.56238965029311,127.19052314317982,37.500846962644395,127.13355169691678,taxi
58,1103,37.54715757436188,127.16700206512735,37.51883541125258,127.29423543347049,taxi
59,1104,37.5611999,127.19280065000001,37.558116150000004,127.20258575,taxi
60,1104,37.48753325,127.14939679999999,37.51873025890406,127.22908137830387,taxi
61,1105,37.55295615210906,127.16536766050612,37.47640572829261,127.14403509350652,taxi
62,1106,37.54979555,127.15874300000002,37.538387,127.2236805,taxi
63,1107,37.546453166388496,127.16789965167011,37.49853765,127.15963355,taxi
64,1108,37.55379045,127.17973595000001,37.48388884062077,127.16047018823035,taxi
65,1108,37.52296275,127.22414885,37.50177037138418,127.15312110916692,taxi
66,1109,37.525331,127.1413205,37.5471124,127.21090495,taxi
67,1109,37.536934,127.20982745,37.498691199999996,127.13413754999999,taxi
68,1110,37.57529185,127.16967555,37.575473701552205,127.22103025514421,taxi
69,1110,37.48676354741763,127.16038440662415,37.59181471071387,127.1975301186819,taxi
70,1110,37.48357635,127.14240935,37.514595395108714,127.2631567504152,taxi
71,1110,37.58881641422502,127.17196469539341,37.55032246219007,127.15802665505163,taxi
72,1110,37.5856481227135,127.16775447101452,37.5617912,127.19149404999999,taxi
73,1111,37.5395297,127.20973185000001,37.5563300434734,127.20421880864725,taxi
74,1111,37.55508315646112,127.20999829930858,37.565905900000004,127.1895805,taxi
75,1111,37.47235080782998,127.15107320343398,37.55402935,127.18015174999998,taxi
76,1112,37.578345702755335,127.18083178486721,37.54827243670528,127.15744154451022,taxi
77,1112,37.544287969473004,127.22173283880178,37.473109300000004,127.14426605,taxi
78,1112,37.469451025628494,127.1374811542445,37.495737373142155,127.14666316483624,taxi
79,1112,37.57207899416557,127.18906250102603,37.481474649999996,127.1446665,taxi
80,1112,37.498035456093234,127.16080767105205,37.5399971,127.20481724999999,taxi
81,1112,37.52919623587636,127.16569180150584,37.5391845028167,127.23352541502288,taxi
82,1113,37.5901836,127.20062655000001,37.56889359255199,127.19729757949193,taxi
83,1113,37.506747363609925,127.16435014455467,37.4977101,127.1495725,taxi
84,1113,37.4752347,127.1407916,37.56561890196673,127.19943729772164,taxi
85,1113,37.55713265,127.1916378,37.56215315,127.17063855,taxi
86,1113,37.59756874918298,127.19198752164237,37.48481944742722,127.14549977592371,taxi
87,1114,37.4748494,127.13750325,37.54152155,127.19866150000001,taxi
88,1114,37.50401465,127.15095070000001,37.57207899416557,127.18906250102603,taxi
89,1114,37.50703481987954,127.16295610105725,37.579218499999996,127.18767919999999,taxi
90,1114,37.54551024999999,127.1739551,37.5516651,127.2041944,taxi
91,1114,37.5229884,127.22426675,37.506921750000004,127.1338466,taxi
92,1114,37.53071479791558,127.16513754378171,37.537644894004586,127.20577761686609,taxi
93,1114,37.58667855,127.16954400000002,37.4729654,127.15617725,taxi
94,1115,37.532347525292096,127.14991490302354,37.54178261545596,127.20745114242523,taxi
95,1115,37.47731925,127.14021015,37.571514949999994,127.18124764999997,taxi
96,1115,37.5877177,127.2084535,37.58938002613517,127.21621128302627,taxi
97,1116,37.56589195,127.1889744,37.4771036,127.1344225,taxi
98,1117,37.4901226,127.15169970000001,37.5080753,127.1489742,taxi
99,1117,37.55082465,127.21457210000001,37.510034950000005,127.13156835,taxi
100,1118,37.50688395000001,127.16459735000001,37.58108045,127.21516654999999,taxi
101,1118,37.53862095,127.2133178,37.5774315,127.1824651,taxi
102,1118,37.5393555,127.21025979999999,37.46433715,127.14816619999999,taxi
103,1118,37.4770668,127.18823289999999,37.568019449999994,127.1952777,taxi
104,1118,37.47889285,127.2165573,37.4928118,127.1441436,taxi
105,1119,37.475671,127.2406175,37.550072400000005,127.18797004999999,taxi
106,1119,37.56220170308024,127.18985031138871,37.55144765,127.19420845,taxi
107,1119,37.57241228793302,127.19816739773033,37.546574765865,127.20928928219523,taxi
108,1120,37.475397103386975,127.14548080236742,37.4925905,127.14405595,taxi
109,1120,37.535586800000004,127.22474140000001,37.58274055,127.21117865000001,taxi
110,1121,37.5374184,127.15408995,37.58413122289238,127.21638442377795,taxi
111,1121,37.56046575000001,127.19082305,37.57339035,127.18338419999999,taxi
112,1121,37.59165316597275,127.1979420906807,37.541314204642916,127.19476071776465,taxi
113,1122,37.561863349999996,127.18710064999999,37.470318500000005,127.14402460000001,taxi
114,1122,37.55371458587076,127.1797856905854,37.52603837614882,127.27203367439124,taxi
115,1122,37.5910652,127.19833560000001,37.475712698222225,127.15103009582369,taxi
116,1122,37.51747642181885,127.13437279738838,37.54330545,127.21234575,taxi
117,1122,37.5507117,127.21446594999999,37.5225846,127.22270775,taxi
118,1122,37.5897986,127.2145536,37.50378302999391,127.15567374923435,taxi
119,1123,37.4924947,127.14700600000002,37.551963549999996,127.20355745,taxi
120,1123,37.54888200206948,127.24160024687097,37.54140255,127.21126409999998,taxi
121,1123,37.567848999999995,127.19582894999999,37.53657366923481,127.2094144179926,taxi
122,1123,37.5616653,127.19538395000001,37.54192385,127.22083835000001,taxi
123,1124,37.475241919763775,127.14409400049068,37.53897743389916,127.2025422766927,taxi
124,1124,37.57661315,127.17988825000002,37.5281868,127.19643909999998,taxi
125,1124,37.47246494342511,127.13758772596482,37.547921011818396,127.22001279255885,taxi
126,1124,37.48141785,127.14383865,37.579580750000005,127.2163679,taxi
127,1125,37.55081415,127.2085972,37.49693465,127.1367797,taxi
128,1125,37.5841884727142,127.16026338684847,37.577199156904356,127.22145375913951,taxi
129,1126,37.5070378,127.1400264,37.57115815,127.18347255,taxi
130,1126,37.47241078458424,127.13738127803106,37.58165949188885,127.19071157356032,taxi
131,1126,37.4844086,127.13873605000002,37.48522099943373,127.16200421371956,taxi
132,1126,37.4972671,127.15401539999999,37.55459945,127.19908275,taxi
133,1126,37.48097665,127.14734095,37.47226815491971,127.13995483404983,taxi
134,1127,37.545756926709274,127.17441025835522,37.522331050000005,127.2250587,taxi
135,1127,37.473109300000004,127.14426605,37.496270680255485,127.16835865275638,taxi
136,1127,37.483678877238994,127.1595007687201,37.54327899824796,127.15436911382965,taxi
137,1127,37.54770755673336,127.17047321582194,37.51857916918834,127.13782234008646,taxi
138,1128,37.554578517807144,127.20995487683474,37.557095950000004,127.20514299999999,taxi
139,1128,37.531339309622545,127.17277566658835,37.55636405,127.1879737,taxi
140,1129,37.4749295954696,127.13764649970081,37.57459115,127.18905889999999,taxi
141,1129,37.54397295,127.21066875,37.50765060168003,127.14345071819446,taxi
142,1130,37.53783705068759,127.15172034009998,37.47512770428927,127.14415276402346,taxi
143,1130,37.5470342,127.19522134999998,37.5615018,127.19260585,taxi
144,1130,37.46894857679494,127.1387680499599,37.559948649999995,127.21292955,taxi
145,1130,37.572979849999996,127.17716,37.5225329,127.18945645,taxi
146,1130,37.54718405,127.15529620000001,37.55554705,127.19770375,taxi
147,1130,37.55417275121003,127.20257313405054,37.52191975,127.1886881,taxi
148,1130,37.543818650000006,127.20453284999998,37.5669987,127.18868144999999,taxi
149,1130,37.53357105,127.14947310000001,37.56357608690505,127.18129423604483,taxi
150,1130,37.5975588,127.1963224,37.562728699999994,127.18757640000001,taxi
151,1131,37.54279705,127.22985445,37.56583445,127.1896479,taxi
152,1131,37.566900867788135,127.18505278902583,37.48559568783568,127.14910172435722,taxi
153,1131,37.475186949999994,127.13651855,37.54661794412135,127.19794174524276,taxi
154,1132,37.54192595,127.20661385,37.55752200898735,127.17547292631401,taxi
155,1132,37.5669375,127.19188345,37.55598311601278,127.20617237146264,taxi
156,1132,37.54018225,127.2106097,37.553785250000004,127.17218639999999,taxi
157,1133,37.59177187891079,127.19879492661516,37.57848694276166,127.18212217862066,taxi
158,1133,37.5581770929921,127.17940519365759,37.5244737,127.14089740000001,taxi
159,1133,37.53888765,127.23680165,37.57432922966158,127.17802563442145,taxi
160,1133,37.48143868581593,127.142130120206,37.54858462442276,127.1665196302354,taxi
161,1134,37.56509407784678,127.19401902747596,37.5747877,127.19233894999999,taxi
162,1134,37.572299099999995,127.17424324999999,37.51506793428166,127.27847398155407,taxi
163,1134,37.56440485129899,127.18210709793718,37.48654445,127.1489192,taxi
164,1135,37.48150565,127.14483455,37.530983681050714,127.20612979564962,taxi
165,1135,37.498329065322125,127.15334344433947,37.518928298554926,127.21868960589543,taxi
166,1135,37.5779855,127.18741775000001,37.538772342207416,127.21519290243803,taxi
167,1135,37.516857200000004,127.12952525,37.58775075,127.20834185,taxi
168,1135,37.576113649999996,127.20557600000001,37.54354405426231,127.21361428681791,taxi
169,1136,37.462194,127.15486924999999,37.5140521,127.13653345,taxi
170,1136,37.58011124829453,127.22184182873711,37.4851716,127.14840885000001,taxi
171,1136,37.4956973,127.1531197,37.55459775,127.18401850000001,taxi
172,1136,37.50965884541432,127.16382208253438,37.543339599999996,127.1751694,taxi
173,1137,37.5429506,127.20879819999999,37.466302600000006,127.15105555,taxi
174,1137,37.5643727185824,127.20075341096886,37.4659954,127.14193374999999,taxi
175,1138,37.586801498034916,127.20515820706198,37.55363275,127.21626739999999,taxi
176,1139,37.46888635,127.1479315,37.492280366867234,127.15208032573992,taxi
177,1139,37.589604550000004,127.2017855,37.55946765,127.20231144999998,taxi
178,1139,37.524517900000006,127.14082205000001,37.5567519,127.17977225000001,taxi
179,1139,37.562623200000004,127.19295324999999,37.55281490000001,127.2177533,taxi
180,1139,37.47657055224135,127.24071897650927,37.4756963416853,127.1353403988097,taxi
181,1139,37.579644,127.2165366,37.49113885,127.15606355,taxi
182,1140,37.55640449401738,127.18775404030902,37.572255150000004,127.1805882,taxi
183,1140,37.56829131614851,127.19836725613524,37.539232999999996,127.2127722,taxi
184,1140,37.55988870875547,127.18846076798178,37.493217,127.23382624999999,taxi
185,1141,37.4738023,127.15257795,37.500882567657094,127.15966086179817,taxi
186,1141,37.5278567,127.13991055,37.48230677551705,127.1394314608838,taxi
187,1142,37.46191125,127.16624094999999,37.557900413297226,127.18987973937058,taxi
188,1142,37.55147205,127.20724594999999,37.5384499228662,127.222255016485,taxi
189,1142,37.47753492418642,127.14662527575064,37.54369992558529,127.22624844958577,taxi
190,1143,37.54537445,127.21248305,37.48607895,127.1463713,taxi
191,1143,37.573026049999996,127.17718454999999,37.58022055615672,127.21171578641992,taxi
192,1143,37.49718333677119,127.14850305377503,37.566721349999995,127.17689229999999,taxi
193,1143,37.5555795,127.19102435,37.571600700000005,127.19118635000001,taxi
194,1144,37.54398521128103,127.23434674397463,37.59173511563127,127.19756014284914,taxi
195,1144,37.51722943398263,127.13140659069694,37.50572770823499,127.1367927125347,taxi
196,1145,37.56184374999999,127.1929354,37.5720217,127.17302825,taxi
197,1145,37.538346700000005,127.22318045,37.55064005,127.18433815,taxi
198,1145,37.476559949999995,127.14900415,37.55460805,127.18176919999999,taxi
199,1145,37.555460854515246,127.19768125162487,37.56562075,127.18967865000002,taxi
200,1145,37.538046300000005,127.20446160000002,37.57648697153691,127.1853246168738,taxi
201,1146,37.5385386,127.15258104999998,37.5560051,127.19079500000001,taxi
202,1147,37.55593274068963,127.18910211995603,37.559523150000004,127.18962905000002,taxi
203,1148,37.543120900000005,127.21251035,37.54342629745468,127.22540024719511,taxi
204,1149,37.54960695,127.18523500000002,37.495423200000005,127.1393524,taxi
205,1149,37.4792346,127.1408533,37.47458106103295,127.13736719251082,taxi
206,1150,37.54945412300398,127.21079568426205,37.55470785,127.20094424999998,taxi
207,1150,37.47686342979875,127.18437114205632,37.47874195,127.14096250000001,taxi
208,1150,37.47871613900998,127.13904318071246,37.56316765,127.19009865,taxi
209,1150,37.53792241753461,127.18211943943672,37.54899265,127.17409560000002,taxi
210,1151,37.4775821,127.13870045,37.52230778742995,127.20135690924063,taxi
211,1151,37.46920098882131,127.14639314430403,37.542345499999996,127.21007295,taxi
212,1151,37.52073094674306,127.148099299288,37.56466613072548,127.19209233486798,taxi
213,1152,37.56456884401037,127.20816721066005,37.55752787458941,127.2161483528703,taxi
214,1152,37.50963694925119,127.13381838510891,37.565854346475966,127.18882849114497,taxi
215,1152,37.56733506248997,127.17337136037756,37.50840344150599,127.15063219889463,taxi
216,1152,37.481444200882706,127.14322304779681,37.5225323,127.21896685,taxi
217,1152,37.4775654,127.18465760000001,37.54647320033931,127.22134175137104,taxi
218,1152,37.53820895,127.15257905000001,37.52260289698743,127.19066211209831,taxi
219,1154,37.575085900000005,127.17058944999998,37.55529265,127.18923484999999,taxi
220,1157,37.540610400000006,127.21448054999999,37.563828799999996,127.19255985000001,taxi
221,1158,37.47983755417102,127.1353304003453,37.57031175,127.18271835,taxi
222,1158,37.5391311,127.22350555,37.54993745,127.2117104,taxi
223,1160,37.5377373,127.2134571,37.563451472704735,127.2003100568432,taxi
224,1161,37.54460005,127.21422564999999,37.54203665,127.2226987,taxi
225,1161,37.4815976,127.1417225,37.468711049999996,127.14053195,taxi
226,1161,37.559397159190276,127.21206318030323,37.55179185,127.20691235000001,taxi
227,1162,37.57641525,127.19414105,37.49011315,127.14322565,taxi
228,1162,37.49628155,127.15925889999998,37.512015000000005,127.13065465,taxi
229,1162,37.4810329,127.14777905000001,37.53807351790153,127.15279003502786,taxi
230,1163,37.585314,127.1661996,37.48928815,127.14652165000001,taxi
231,1163,37.54154705667278,127.25343389979237,37.56402692642832,127.19237932455516,taxi
232,1164,37.51452615,127.15575035000002,37.48274129399394,127.14060901680078,taxi
233,1164,37.5607374,127.19405760000001,37.595061895672785,127.1734172006891,taxi
234,1164,37.561509599999994,127.1881828,37.564765930474834,127.19243684861213,taxi
235,1165,37.53983945,127.2260156,37.5572079,127.19637580000001,taxi
236,1165,37.56832521676256,127.19439153798017,37.466245001896795,127.15328971165316,taxi
237,1165,37.485823800000006,127.1519783,37.567649349999996,127.19100635000001,taxi
238,1165,37.569917205314056,127.18640984592993,37.47790845,127.19031269999998,taxi
239,1165,37.555170341681446,127.21981437659768,37.56549494224506,127.1907696894113,taxi
240,1166,37.54821863030948,127.20583127388782,37.500408300000004,127.15892529999999,taxi
241,1166,37.565070051831015,127.17482432563935,37.58736115916713,127.21030746655366,taxi
242,1166,37.4996001947712,127.14964908869877,37.576656071704086,127.17482008064863,taxi
243,1166,37.56486295,127.19804975,37.469544097854374,127.1397323213561,taxi
244,1167,37.56077070101007,127.21622451857091,37.5038647,127.14067900000002,taxi
245,1168,37.500710600000005,127.13730244999999,37.551632749999996,127.18565785,taxi
246,1168,37.57440535,127.18165540000001,37.50331299076311,127.21201560916603,taxi
247,1168,37.47845079015401,127.1457504500161,37.568703470457024,127.19434206375338,taxi
248,1168,37.4757768,127.24073604999998,37.57187804675705,127.19000743865566,taxi
249,1169,37.50486855,127.13755910000002,37.495286449999995,127.14252740000002,taxi
250,1169,37.500335899999996,127.13945724999999,37.48145025,127.14490749999999,taxi
251,1169,37.558066300231516,127.18759394223487,37.55682428673557,127.20102484655193,taxi
252,1169,37.59488131457176,127.17811451061438,37.58651519931471,127.21634223929749,taxi
253,1170,37.53405505154647,127.21374937089843,37.56790855,127.17450944999999,taxi
254,1171,37.5724521,127.19368435,37.54062786240714,127.20558715689475,taxi
255,1171,37.540951302011784,127.22019490469569,37.552953604270876,127.18170607888871,taxi
256,1172,37.57659745,127.18763400000002,37.500444417633254,127.13265430392119,taxi
257,1172,37.547634316549505,127.24912698610443,37.472689862277825,127.15588550916323,taxi
258,1174,37.594028836720064,127.1860594249139,37.56818845,127.17776565,taxi
259,1174,37.51867422705342,127.13230085435362,37.4864097311268,127.1483254109512,taxi
260,1174,37.549204125269846,127.18384899878092,37.49664108547858,127.1415159587312,taxi
261,1175,37.52183968098079,127.20881312461148,37.540580757831,127.22076067063531,taxi
262,1175,37.47540330313765,127.14227475009982,37.546540991524566,127.19814557958514,taxi
263,1176,37.489623502957414,127.15765623271238,37.565546999999995,127.19972515,taxi
264,1176,37.549199324802906,127.18155793341751,37.544157600000005,127.16686385,taxi
265,1177,37.5779335,127.18037394999999,37.5442991,127.20839674999999,taxi
266,1177,37.53820895,127.15257905000001,37.5617912,127.19149404999999,taxi
267,1177,37.56376418371383,127.18680068357845,37.48893465255439,127.14285207291158,taxi
268,1178,37.553370035790195,127.19279793256142,37.47095230069139,127.15514724830079,taxi
269,1178,37.581452201099125,127.18819303363519,37.590897350000006,127.20024045,taxi
270,1179,37.48108585,127.1446045,37.535529169425104,127.203892178641,taxi
271,1179,37.46395812839246,127.16843895756554,37.480939535337875,127.13998243134836,taxi
272,1179,37.5464687,127.20919015000001,37.54083118490396,127.20352642416198,taxi
273,1179,37.513532143626186,127.15532899935499,37.52213655541068,127.18850462072149,taxi
274,1180,37.480487,127.14566185,37.52271981461193,127.14601913755472,taxi
275,1180,37.46759436608985,127.15402698739524,37.51914442378583,127.1608225168444,taxi
276,1180,37.54446563101829,127.17653988107521,37.5220574,127.22632125,taxi
277,1181,37.567761899999994,127.1837086,37.54438695,127.21066305,taxi
278,1181,37.54052337107665,127.19856310414107,37.570811749979704,127.1781661937736,taxi
279,1181,37.50985985,127.13146794999999,37.576818920644875,127.21963446392365,taxi
280,1182,37.5373594,127.15413334999998,37.5874458,127.20477985,taxi
281,1182,37.48669065,127.14802049999999,37.560267921414486,127.18469344990416,taxi
282,1182,37.5721081,127.18868465,37.4972607,127.15563994999998,taxi
283,1183,37.559311199999996,127.1848186,37.51857746837324,127.14074780288061,taxi
284,1183,37.467093157356565,127.14378082696109,37.54523809421513,127.20799804277772,taxi
285,1183,37.54260319752268,127.22450626185726,37.51772868184532,127.1548648705839,taxi
286,1183,37.5901431,127.20106944999999,37.55163551357326,127.15550671935033,taxi
287,1183,37.4977077,127.14137255000001,37.5399671,127.21195839999999,taxi
288,1184,37.465669740957786,127.1423567896668,37.46788288587327,127.15160496921884,taxi
289,1184,37.4759491205832,127.1479222752196,37.54302683197606,127.21534120659142,taxi
290,1184,37.5596106,127.21187885,37.505751829626014,127.14469317705357,taxi
291,1185,37.54064905,127.20357089999997,37.5622075,127.1885015,taxi
292,1186,37.54187261028217,127.22247592065852,37.544141716509344,127.24851298071816,taxi
293,1186,37.538803401323314,127.21967300266151,37.47811466462517,127.14451616598,taxi
294,1186,37.4963001,127.15932930000001,37.500008190048405,127.15786743657839,taxi
295,1186,37.56045615,127.20369500000001,37.58126625626556,127.19309812948138,taxi
296,1187,37.54252693367816,127.23282602349546,37.4808228,127.15101219999998,taxi
297,1187,37.55415321480642,127.18639691786443,37.52220582481208,127.21997945526161,taxi
298,1187,37.492117699999994,127.1449094,37.55321807163046,127.19900611626623,taxi
299,1188,37.4984205,127.14911475,37.56856335,127.19865335,taxi
300,1188,37.54488702331771,127.19291551676235,37.572160800000006,127.1893153,taxi
301,1188,37.516397,127.1350972,37.5790447,127.18427290000001,taxi
302,1188,37.52234803751367,127.18921326189924,37.53699475,127.25243649999999,taxi
303,1188,37.563337853883574,127.17046609950766,37.52233580717191,127.2214387498368,taxi
304,1189,37.485862616250145,127.15711500418004,37.54144865,127.14703535000001,taxi
305,1189,37.54845270914203,127.20661108505034,37.50951679336709,127.12936456388883,taxi
306,1190,37.4775445,127.1467864,37.54974385,127.20812405000001,taxi
307,1191,37.48338038405129,127.13876930213623,37.4988889,127.14788284999999,taxi
308,1191,37.474216350000006,127.13372715,37.526796458479545,127.15074216098124,taxi
309,1191,37.49505995,127.1437611,37.55535918168533,127.2070333525556,taxi
310,1191,37.502501631786856,127.15572716272226,37.5055228,127.14049175,taxi
311,1192,37.5701471560688,127.17873926729067,37.46971875,127.15543874999999,taxi
312,1192,37.550805600000004,127.15793935,37.574592994058534,127.19491493341614,taxi
313,1192,37.53542605844767,127.21232837397785,37.472689862277825,127.15588550916323,taxi
314,1193,37.56931944198408,127.18871099949756,37.475471842098756,127.14079619398804,taxi
315,1193,37.5657281,127.19194395,37.55450537679669,127.19970998868064,taxi
316,1193,37.55343182186372,127.19217644283549,37.53855392063031,127.18222262304045,taxi
317,1193,37.552100499999995,127.18972235000001,37.57431630000001,127.1846733,taxi
318,1193,37.56309981612916,127.20285665690965,37.4991274,127.14330534999999,taxi
319,1194,37.55358846653376,127.16766082607236,37.4859619,127.15224435,taxi
320,1194,37.5772258,127.18079455,37.51488848961171,127.1938486475569,taxi
321,1194,37.49433055,127.1436853,37.510692289184504,127.16334682587662,taxi
322,1194,37.52596506271964,127.19284955190912,37.565318000000005,127.18861759999999,taxi
323,1195,37.56218575377761,127.17729918067998,37.538179258241165,127.22504171297572,taxi
324,1195,37.48655228658286,127.15204519184599,37.57883655,127.21901745,taxi
325,1195,37.552222261281266,127.2069606261366,37.58229021074561,127.21426066858095,taxi
326,1195,37.54794648303103,127.20616120758609,37.51210120984562,127.19629894661236,taxi
327,1196,37.5504423,127.1746861,37.4880997,127.1526518,taxi
328,1197,37.54140763573327,127.21888179538476,37.550100549999996,127.1738203,taxi
329,1197,37.591671525636905,127.19680406248985,37.551884650000005,127.20494455,taxi
330,1198,37.49635776725009,127.15907193868337,37.55416879265539,127.21747567996937,taxi
331,1198,37.51606271963079,127.2239222123351,37.57460267200154,127.18435207124375,taxi
332,1198,37.47847888491329,127.13618169558545,37.56218575377761,127.17729918067998,taxi
333,1199,37.52306145,127.13707269999999,37.5787919,127.1825523,taxi
334,1200,37.47434015,127.14060314999999,37.512701750000005,127.13540075,taxi
335,1200,37.55931215,127.2130168,37.4783551,127.1375198,taxi
336,1200,37.54939920477743,127.2176278894236,37.5323063,127.19713924999999,taxi
337,1200,37.476044825842,127.13960850161777,37.53805395,127.21221000000001,taxi
338,1201,37.53750875,127.22628019999999,37.51554305,127.13801115000001,taxi
339,1202,37.55505470679314,127.17954005718329,37.5555162,127.23747735,taxi
340,1203,37.507423849999995,127.13988450000001,37.501348050000004,127.14868745000001,taxi
341,1203,37.47563734977892,127.136022124713,37.54004875355548,127.22201641107365,taxi
342,1204,37.57834115,127.1829982,37.5694244,127.183801,taxi
343,1205,37.558341600000006,127.1934025,37.48658482257611,127.14826054348549,taxi
344,1206,37.525331,127.1413205,37.5501824,127.21879945,taxi
345,1207,37.54372535,127.199224,37.56082930004409,127.23421552082075,taxi
346,1208,37.47890161773605,127.13885663733969,37.542425190107416,127.17577204074531,taxi
347,1209,37.55854042661808,127.20271321347104,37.513532143626186,127.15532899935499,taxi
348,1209,37.52118185,127.13363215,37.5433123,127.2132828,taxi
349,1210,37.54338425,127.21451275,37.53646138232739,127.20780337767914,taxi
350,1210,37.464560399999996,127.14509480000001,37.474073700000005,127.1344282,taxi
351,1211,37.507062983084836,127.13622920526707,37.50102555,127.14283424999998,taxi
352,1211,37.47830352481687,127.1438608720314,37.58724057628074,127.20453983117774,taxi
353,1211,37.53266345,127.18416949999998,37.555317,127.19253520000001,taxi
354,1211,37.57591064599173,127.1932476439685,37.56504635,127.1832582,taxi
355,1211,37.571467260000155,127.2003657062862,37.53025022828344,127.19448276109445,taxi
356,1212,37.546574765865,127.20928928219523,37.49676315000001,127.1369302,taxi
357,1212,37.50418165,127.1314389,37.48194065,127.14363424999999,taxi
358,1213,37.4970053,127.1501281,37.55434974320974,127.20647247253984,taxi
359,1213,37.56071315,127.19097185,37.547187060559466,127.18546832496051,taxi
360,1213,37.49245299157048,127.15690654776928,37.50240729057695,127.1420511455037,taxi
361,1213,37.5044082272203,127.13225241751597,37.57130156845329,127.18913003459005,taxi
362,1214,37.5441966,127.2086476,37.54905270136955,127.18292699441908,taxi
363,1214,37.50108965,127.13451855,37.57411138221206,127.19162333610407,taxi
364,1214,37.54019835,127.22276250000002,37.540749153430454,127.21033135750463,taxi
365,1215,37.48688355,127.15292645,37.55463819214477,127.20564107821235,taxi
366,1215,37.48676354741763,127.16038440662415,37.578245926220596,127.18035607647285,taxi
367,1216,37.47318195,127.135826,37.556821984249595,127.17319486105292,taxi
368,1216,37.50278195,127.13803355,37.48433483713598,127.15942046944599,taxi
369,1217,37.50580830004649,127.16177787299371,37.51602065,127.28330729999999,taxi
370,1217,37.53584280512547,127.21193152577678,37.5705851887752,127.18409390895138,taxi
371,1218,37.5631222,127.19283705,37.55466735,127.20574275,taxi
372,1219,37.5516284,127.18123205,37.53923337783083,127.19723801226573,taxi
373,1220,37.54918822814823,127.2077315302703,37.50331520986282,127.14979734188198,taxi
374,1221,37.552093400000004,127.18906589999999,37.598504072265236,127.17854568756859,taxi
375,1223,37.4977910175246,127.15255704768124,37.5487004543135,127.22345512655191,taxi
376,1224,37.53842752764773,127.17092058578064,37.48107995810109,127.1457743975527,taxi
377,1224,37.5660752,127.19658705,37.5415273,127.21781025,taxi
378,1225,37.503311538198815,127.2307962791962,37.46482455,127.14793215,taxi
379,1225,37.47906225938802,127.14010679130728,37.4799525,127.14196425,taxi
380,1226,37.58535147667057,127.20957727903146,37.5557515,127.1938804,taxi
381,1226,37.57474136892728,127.22146985653828,37.57805765,127.1806861,taxi
382,1227,37.47790743448163,127.13985202794164,37.47816907546158,127.14311536762203,taxi
383,1227,37.58812441466596,127.21416918754055,37.57731425,127.18895125,taxi
384,1227,37.55029965,127.17253630000002,37.521071820398035,127.20525840802152,taxi
385,1227,37.507045500000004,127.1403613,37.51379229113453,127.13160164576492,taxi
386,1227,37.539371092212306,127.20080124482898,37.5510636,127.1941042,taxi
387,1228,37.50949258428619,127.15499619523575,37.517585749999995,127.13160959999999,taxi
388,1228,37.5040423,127.1318487,37.5429401,127.20385095,taxi
389,1228,37.58393326160081,127.21118721110757,37.5727406,127.18326375000001,taxi
390,1229,37.5661633,127.19654065,37.577496791147254,127.18568144805518,taxi
391,1229,37.569246050000004,127.1865502,37.488613867573605,127.15117123631279,taxi
392,1230,37.562539789524735,127.19297641564529,37.54458084074355,127.23233120124905,taxi
393,1230,37.49783758086066,127.16036587042277,37.55711543677938,127.17175631998782,taxi
394,1230,37.54064445,127.2246777,37.530094703228244,127.17562963989661,taxi
395,1230,37.5344555,127.22882745,37.5861438,127.20894895000002,taxi
396,1230,37.5031759,127.14061635000002,37.579340597709056,127.19253875089663,taxi
397,1230,37.544509500000004,127.21614844999999,37.50407188792003,127.14505345703809,taxi
398,1230,37.530877849999996,127.20668885000002,37.49934385,127.14331115,taxi
399,1230,37.48034448166481,127.13791642134096,37.57333785,127.1831529,taxi
400,1232,37.49576990888094,127.13957049336342,37.541965450000006,127.16177995000001,taxi
401,1233,37.5421338,127.17555125,37.5222909,127.2267924,taxi
402,1234,37.5775307,127.18248424999999,37.55276619999999,127.15830635,taxi
403,1234,37.54206246628305,127.1943216038562,37.55352042834645,127.1849439195154,taxi
404,1235,37.55346545,127.1856133,37.5590402,127.2030939,taxi
405,1235,37.5611775,127.1929047,37.5799286,127.19220804999999,taxi
406,1235,37.56928271811236,127.19749828498718,37.52194519008009,127.29553996249764,taxi
407,1235,37.5695146,127.18380445,37.53909765,127.22501335,taxi
408,1235,37.48804565748388,127.1505261868645,37.504262838949344,127.13229706102283,taxi
409,1236,37.50233165,127.13559070000001,37.575725750000004,127.17873130000002,taxi
410,1236,37.52255085,127.2213844,37.573831513596936,127.19253929572237,taxi
411,1236,37.54791998904086,127.20799050028445,37.53943333567874,127.2218393442356,taxi
412,1236,37.55202015,127.20810005000001,37.5308673,127.20483355,taxi
413,1236,37.54164495,127.21289495,37.46458234526945,127.14785052699224,taxi
414,1236,37.501258289502275,127.14481304518274,37.50819045,127.1532051,taxi
415,1236,37.55145308676668,127.18090174493663,37.5461293,127.2051881,taxi
416,1237,37.47697895547199,127.15242917846042,37.49743934283618,127.1543659301841,taxi
417,1237,37.553176967674624,127.19524902043561,37.5905694,127.20024409999999,taxi
418,1237,37.47689122323904,127.141477096029,37.55796726705947,127.19147911806971,taxi
419,1237,37.554371149999994,127.18388310000002,37.469827617744855,127.15104022523985,taxi
420,1238,37.5614628,127.18015145,37.534839303582366,127.19983967846747,taxi
421,1238,37.557264249999996,127.2049507,37.5548936,127.18810855,taxi
422,1238,37.5466501,127.19197395,37.5103333,127.13298665,taxi
423,1239,37.57796945,127.18072140000001,37.57620916678528,127.22660610331606,taxi
424,1239,37.4799893,127.1447024,37.56422530341237,127.23650794136137,taxi
425,1239,37.54006436866375,127.21979762102094,37.55441471579622,127.1843124781509,taxi
426,1240,37.5774615,127.1827835,37.5427409,127.22396900000001,taxi
427,1240,37.521716100000006,127.22131745,37.540151382623925,127.2270002375567,taxi
428,1240,37.45904901990167,127.17229001631554,37.5370864,127.20714585,taxi
429,1240,37.5451403,127.21199155,37.533033176027864,127.18449819433206,taxi
430,1240,37.50104115,127.14784175,37.55565795927011,127.23849304304724,taxi
431,1240,37.556038992472246,127.17967050765468,37.541084850000004,127.20900615,taxi
432,1240,37.5144993,127.13672975,37.54451505,127.17296594999999,taxi
433,1241,37.539043,127.20543854999998,37.485917900000004,127.15216000000001,taxi
434,1241,37.53973433255139,127.22368901344316,37.5646503,127.20045475,taxi
435,1242,37.5459541813808,127.20965562414736,37.5430372,127.20398575,taxi
436,1242,37.46867039999999,127.14114814999999,37.48972690683345,127.16077115095062,taxi
437,1243,37.5613439,127.180159,37.540907950000005,127.21323935000001,taxi
438,1243,37.567163550000004,127.23834074999999,37.52927193424343,127.28841444028168,taxi
439,1243,37.5705648,127.18907435,37.486365,127.1608288,taxi
440,1244,37.57789299009752,127.2234392491333,37.54233621678899,127.19685236165638,taxi
441,1244,37.47772657841708,127.14442742762203,37.55714667516908,127.20879435139666,taxi
442,1244,37.530931499999994,127.2108472,37.52808471663887,127.2692654795135,taxi
443,1244,37.48566842393318,127.14974206328401,37.49797335,127.14638690000001,taxi
444,1245,37.556792081563984,127.18206656683937,37.55170971576337,127.15551520362696,taxi
445,1245,37.5662155,127.1931965,37.556011,127.2019662,taxi
446,1245,37.47940855,127.13859895,37.48957333267717,127.23712040438103,taxi
447,1245,37.55681027971969,127.18034581099046,37.567604349999996,127.19059979999999,taxi
448,1245,37.53726806494985,127.18131616781551,37.54130095,127.16011815,taxi
449,1245,37.498209607877534,127.13592878798481,37.550929220036174,127.15989063866982,taxi
450,1246,37.54433906268765,127.20612825758585,37.57053928581411,127.2264796132639,taxi
451,1246,37.48976368369072,127.1548768151988,37.49914980824409,127.14228041839516,taxi
452,1246,37.55470975,127.18682765,37.57938089911618,127.20173872319684,taxi
453,1246,37.46262215,127.16725195000001,37.532096351068375,127.22557301056051,taxi
454,1246,37.498895114671384,127.24016377386886,37.46166705,127.16920040000001,taxi
455,1246,37.591861420016585,127.19681558100973,37.5430119,127.17526280000001,taxi
456,1247,37.53482975,127.22509375,37.4669416,127.14183875,taxi
457,1248,37.545873176232305,127.19822415452371,37.55588203087485,127.19968650562569,taxi
458,1248,37.5729637,127.1834115,37.4905879962592,127.15693031675718,taxi
459,1248,37.51412638278512,127.29635393426214,37.59076033912693,127.20006916440684,taxi
460,1249,37.54092445,127.21403695000001,37.480311144418415,127.14041786801413,taxi
461,1249,37.536981499999996,127.2041719,37.543944396610414,127.22010709055078,taxi
462,1249,37.56173955,127.19080375,37.574291423955884,127.17950602243472,taxi
463,1249,37.48051755,127.14697015,37.5463142,127.1557162,taxi
464,1250,37.573626450000006,127.22668795,37.5121755,127.27316010000001,taxi
465,1250,37.56577814316105,127.1983936093669,37.541037963323745,127.22523997118263,taxi
466,1250,37.5213559,127.13972315000001,37.56837893622052,127.17971216141937,taxi
467,1251,37.50591536948867,127.13939362545686,37.4743663,127.1551306,taxi
468,1251,37.53735506813735,127.15198440373022,37.479820125450054,127.1406441989366,taxi
469,1251,37.49935523387425,127.14204206293027,37.53465725389936,127.15246885827086,taxi
470,1251,37.5572554,127.17159029999999,37.55176175,127.15678220000001,taxi
471,1252,37.52233115246224,127.22123724994181,37.47772657841708,127.14442742762203,taxi
472,1252,37.485823800000006,127.1519783,37.563211470160184,127.18801920367183,taxi
473,1252,37.485733499999995,127.15292705,37.499929089148914,127.15285901754426,taxi
474,1253,37.51739777189929,127.14404004541612,37.5413336,127.16008990000002,taxi
475,1253,37.55463819214477,127.20564107821235,37.552630050000005,127.20439265,taxi
476,1255,37.57537250027039,127.18599477543667,37.538438025029606,127.2145294342442,taxi
477,1255,37.501676948176325,127.14517832919246,37.51844095,127.14437584999999,taxi
478,1255,37.5666459,127.19491529999999,37.52234803751367,127.18921326189924,taxi
479,1256,37.49245225,127.14353625,37.5548407,127.18697094999999,taxi
480,1256,37.46999843643763,127.14193818969667,37.4692098,127.15186145000001,taxi
481,1257,37.550689399999996,127.1845636,37.482555315286795,127.14883243673842,taxi
482,1257,37.559741450000004,127.23618855000001,37.470466599999995,127.1390332,taxi
483,1257,37.477717601562134,127.22001504752599,37.54411386674405,127.21942797489721,taxi
484,1257,37.58593326897045,127.16548956722703,37.55953693031191,127.19826265611422,taxi
485,1258,37.544391340781424,127.20812672279405,37.57480095,127.17601275000001,taxi
486,1258,37.57542229750485,127.20629641911863,37.48624355,127.15206935,taxi
487,1259,37.48418035,127.14609535,37.486038630913825,127.14858284513714,taxi
488,1259,37.552671450000005,127.20448765000002,37.5072606056565,127.16303263016104,taxi
489,1259,37.4948762,127.1517365,37.49864669768965,127.15303242430434,taxi
490,1259,37.519218087943806,127.133088157328,37.49974376882453,127.13492116597885,taxi
491,1260,37.5329263,127.20215935,37.55160388212184,127.16409476327907,taxi
492,1260,37.57074315,127.19433874999999,37.55304412424649,127.17852654474142,taxi
493,1260,37.48388884062077,127.16047018823035,37.546048150000004,127.16915515,taxi
494,1261,37.4759828,127.13563254999998,37.5493187,127.18282275,taxi
495,1261,37.53540197597656,127.17125989708043,37.59838030999419,127.1749690910234,taxi
496,1261,37.55084,127.15803859999998,37.5146331,127.15579729999999,taxi
497,1261,37.54382861063731,127.1954016181077,37.53287615,127.14653275,taxi
498,1261,37.49062105,127.15679535000001,37.555451100000006,127.1975478,taxi
499,1262,37.55257649917015,127.18392346028932,37.5703001,127.17889650000001,taxi
500,1262,37.4679821,127.13794275000001,37.5786406,127.1820434,taxi
501,1263,37.56936246280076,127.19920119869688,37.484483,127.15570765000001,taxi
502,1263,37.530406344422076,127.26599348190591,37.535595900000004,127.20011299999999,taxi
503,1263,37.536512235664375,127.20614006945505,37.56201551239253,127.18845615518453,taxi
504,1264,37.54965186731816,127.18614784468504,37.5696474,127.18282744999999,taxi
505,1264,37.46873010157746,127.14270599279664,37.5508507599696,127.15839714956961,taxi
506,1265,37.494023095617386,127.14246524515768,37.573063699129726,127.18646770210559,taxi
507,1265,37.55890772051212,127.1904291395766,37.55107285558742,127.18378110705716,taxi
508,1265,37.57983145,127.21668785,37.5755325064652,127.179177036603,taxi
509,1265,37.54725467625505,127.20530133198167,37.47738216047838,127.13869141194667,taxi
510,1266,37.536722200428684,127.22391773570517,37.53887545,127.21568184999998,taxi
511,1266,37.48410697698825,127.14051200879508,37.57501109328252,127.17665841036737,taxi
512,1267,37.572913465713796,127.18380364138224,37.505944667807746,127.14064734207903,taxi
513,1267,37.500405549999996,127.13583365,37.57348753113513,127.17095112066909,taxi
514,1267,37.56823773287618,127.19314404771964,37.546087415319775,127.20665078995296,taxi
515,1268,37.51866137338707,127.29153669419028,37.54787669448806,127.19204090646289,taxi
516,1268,37.5036244,127.23498084999999,37.55797475,127.18449505000002,taxi
517,1268,37.53881498472605,127.20118486747292,37.59154895252344,127.19799464838312,taxi
518,1268,37.47292655,127.15239975,37.48851470245055,127.14640592495307,taxi
519,1269,37.59223473237389,127.19528543654665,37.56203655,127.17066325,taxi
520,1269,37.49147587746733,127.2362267534786,37.59771374476912,127.17611100111789,taxi
521,1270,37.569324199937945,127.19963387740562,37.502929048414124,127.16102884876763,taxi
522,1271,37.54707414137731,127.21947188428595,37.590547349999994,127.2005034,taxi
523,1271,37.51429106077664,127.13320234940268,37.53959805,127.22208150000002,taxi
524,1271,37.475650849999994,127.13878495000002,37.525689907159254,127.1601966009996,taxi
525,1271,37.480574849999996,127.15134929999999,37.481131307475685,127.14535520013162,taxi
526,1271,37.48676345,127.1478861,37.52849875,127.230536,taxi
527,1272,37.572047049999995,127.18260975000001,37.5731476,127.18742355,taxi
528,1272,37.56459525989379,127.17584279929541,37.538562150000004,127.17859455,taxi
529,1273,37.535207299999996,127.1752634,37.55619130977097,127.19358362103162,taxi
530,1273,37.50838094502351,127.15110577080473,37.49709609634709,127.14538961953978,taxi
531,1274,37.524940650000005,127.14107705,37.55541832665574,127.20553910353337,taxi
532,1274,37.4963906,127.1439273,37.5505694,127.1651718,taxi
533,1274,37.48908633191716,127.1454473980974,37.54093331648412,127.20363677756545,taxi
534,1275,37.49530665,127.14531725,37.5443632,127.20619359999999,taxi
535,1275,37.57751545,127.21833205,37.547959899999995,127.191548,taxi
536,1275,37.480348644655564,127.1377712248324,37.55435537613346,127.2022147758044,taxi
537,1276,37.5011405,127.14936474999999,37.56440485129899,127.18210709793718,taxi
538,1276,37.487126411295726,127.15810545565834,37.51576691497596,127.15168275946505,taxi
539,1276,37.4949261,127.14664680000001,37.48427245,127.14765230000002,taxi
540,1276,37.53512645264673,127.19600179883167,37.47794255,127.13657380000002,taxi
541,1276,37.527784499999996,127.14501379999999,37.53266184846369,127.20193208845711,taxi
542,1276,37.591404600000004,127.2105163,37.541323095197704,127.21558300270753,taxi
543,1276,37.58070292434435,127.2146493633753,37.58738965,127.20910725,taxi
544,1276,37.51073942015774,127.16320834542518,37.5548428,127.21032035000002,taxi
545,1277,37.5360183,127.14480765,37.53297924999999,127.1968052,taxi
546,1277,37.55991378983406,127.1866783355447,37.549746049999996,127.20793155,taxi
547,1279,37.58202195,127.19584384999999,37.54744501759127,127.22101549602608,taxi
548,1279,37.54438195,127.1670935,37.528805546102596,127.16564352191999,taxi
549,1279,37.56442105,127.19951124999999,37.52510818266182,127.19860179610963,taxi
550,1279,37.52256256591997,127.22173126862756,37.541154499780205,127.21975443864117,taxi
551,1279,37.487500478793386,127.15167084817094,37.539902511026554,127.20243002411102,taxi
552,1279,37.54250355,127.19696225,37.5688011,127.18229540000002,taxi
553,1279,37.47556925000001,127.13902789999999,37.56306593498124,127.23533277535076,taxi
554,1279,37.49019173508813,127.15828493393708,37.546709750000005,127.15250324999998,taxi
555,1280,37.55433555777454,127.18004131482749,37.480526350000005,127.14675084999999,taxi
556,1280,37.53263335,127.1676063,37.5414943,127.2111567,taxi
557,1281,37.527000738338224,127.22724537872348,37.47708638105125,127.13757252992725,taxi
558,1283,37.50507335,127.13662165,37.48137425,127.1420979,taxi
559,1283,37.57284585,127.18356415,37.48955875,127.15135015000001,taxi
560,1283,37.4663424,127.1506999,37.4881333,127.15280479999998,taxi
561,1283,37.50972403089075,127.13665292756481,37.49216075,127.1493625,taxi
562,1283,37.5601495,127.19075860000001,37.543741,127.17481905,taxi
563,1284,37.53858617301464,127.15290484399019,37.54233854642703,127.1760636677004,taxi
564,1284,37.502925444705554,127.13147551835684,37.55615246339028,127.18172371071364,taxi
565,1285,37.544124176831936,127.21932245916918,37.4705581107188,127.13892155306233,taxi
566,1285,37.54487245,127.2059486,37.56033065,127.1998928,taxi
567,1286,37.59520260379358,127.18028510312146,37.46927842185779,127.16935999277139,taxi
568,1286,37.48753841001823,127.14455421396298,37.4974629,127.15061485000001,taxi
569,1286,37.51217715,127.13095645,37.53941379445473,127.19914055662439,taxi
570,1286,37.57780472848524,127.18600324866337,37.499548897892936,127.15136378234946,taxi
571,1287,37.47625239321684,127.15323300983205,37.57076518913273,127.18769491532572,taxi
572,1288,37.563821670827416,127.2000247883478,37.49114015,127.14349485,taxi
573,1288,37.518536,127.14891940000001,37.54144775,127.20680795,taxi
574,1288,37.46973831414036,127.17041777715079,37.56178615,127.18831005000001,taxi
575,1289,37.548741,127.20726909999999,37.56906535,127.18984079999998,taxi
576,1289,37.4778948,127.14724035000002,37.4675659,127.13854774999999,taxi
577,1289,37.538986405080294,127.22804861815725,37.5380144,127.22670500000001,taxi
578,1290,37.49930741959804,127.13460926698836,37.55331562096027,127.19933979894165,taxi
579,1291,37.58670945,127.21007785,37.53040417196899,127.28289407015278,taxi
580,1291,37.4977101,127.1495725,37.548952,127.17208935,taxi
581,1291,37.51130975,127.16292195,37.5664816,127.19146534999999,taxi
582,1291,37.5793036,127.22309139999999,37.4782068,127.14769774999999,taxi
583,1292,37.5396182,127.14743874999999,37.52283907622505,127.18094165277316,taxi
584,1292,37.567747999999995,127.18160600000002,37.5647599,127.19068545,taxi
585,1292,37.4902378,127.15449165,37.53599335,127.1488078,taxi
586,1292,37.548554711769775,127.19212439805,37.548478849999995,127.21815205,taxi
587,1293,37.59253302298048,127.19603556920893,37.504194600000005,127.14005764999999,taxi
588,1293,37.57148905,127.18093544999999,37.57017896316928,127.18009567859635,taxi
589,1293,37.57285675,127.1833269,37.486097864818525,127.15130828071766,taxi
590,1294,37.522331050000005,127.2250587,37.47247616181747,127.15673619134719,taxi
591,1294,37.57520850529039,127.17087842041319,37.504037350000004,127.15102064999999,taxi
592,1295,37.55104846372655,127.21036894424864,37.52919623587636,127.16569180150584,taxi
593,1295,37.545864950909525,127.19597027057404,37.55717215,127.20503830000001,taxi
594,1295,37.5771745,127.1808022,37.50668358223304,127.19757277231817,taxi
595,1295,37.522596750000005,127.21789385,37.5673568,127.18232065000001,taxi
596,1296,37.574569800000006,127.19480759999999,37.5439640902089,127.22773361480546,taxi
597,1297,37.55113445,127.2032601,37.50193276049681,127.13160038757867,taxi
598,1297,37.5550996684798,127.21840950040972,37.555067550000004,127.1907393,taxi
599,1297,37.490957550000005,127.15060854999999,37.56079308061378,127.18066459465904,taxi
600,1298,37.57749115,127.1911139,37.550395417882775,127.21185501216495,taxi
601,1298,37.5377066,127.18245064999999,37.4991335,127.13847405000001,taxi
602,1298,37.556560069554855,127.17982930120158,37.48232107133158,127.14018990112697,taxi
603,1299,37.55413581510773,127.20210300809597,37.54158065,127.20276735,taxi
604,1300,37.5162225,127.1352784,37.46901915335229,127.14270536075593,taxi
605,1300,37.465836597180164,127.1517786041014,37.4691445627335,127.14562537675549,taxi
606,1300,37.5375281,127.2060573,37.47329419883231,127.17161864391466,taxi
607,1301,37.556332032028656,127.18477553478144,37.50251316549281,127.14256503398956,taxi
608,1301,37.478960297776354,127.14190178445958,37.49965047062672,127.15587229286922,taxi
609,1301,37.56227160528131,127.23353794743628,37.5385386,127.15258104999998,taxi
610,1301,37.511300649999995,127.16299015,37.53647785,127.21229514999997,taxi
611,1301,37.58642760159009,127.16901697529676,37.52369625,127.22126399999999,taxi
612,1301,37.538297791711244,127.23562265882336,37.57914808783271,127.18631216167866,taxi
613,1301,37.52510818266182,127.19860179610963,37.48145025,127.14490749999999,taxi
614,1303,37.54972975,127.2169311,37.57652775009847,127.1862638118424,taxi
615,1303,37.486314449999995,127.15238015000001,37.490108099047816,127.1433963488692,taxi
616,1304,37.59627314739404,127.20848549987289,37.493622450000004,127.1438962,taxi
617,1305,37.57809915,127.22574815,37.54316622173632,127.22037995502532,taxi
618,1305,37.47945655387167,127.14751028416119,37.557236849999995,127.2052392,taxi
619,1306,37.55082465,127.21457210000001,37.54175385,127.2154626,taxi
620,1306,37.570557750000006,127.20110065,37.47689165503374,127.18848260033347,taxi
621,1306,37.47100615,127.15459625,37.48279455,127.14030924999999,taxi
622,1306,37.54288205,127.21254205,37.563239026042524,127.16962822806752,taxi
623,1306,37.4800903,127.14533535000001,37.54892708870878,127.23921282474245,taxi
624,1307,37.48585988902646,127.15920682973497,37.59340860522757,127.19861509755889,taxi
625,1307,37.543919849999995,127.20751920000001,37.549821229704044,127.17630650350979,taxi
626,1308,37.477340780697375,127.15069382145612,37.5564531,127.18916455000002,taxi
627,1308,37.508310449999996,127.16311415,37.564379171273806,127.18940613015475,taxi
628,1308,37.55827361028736,127.17989445857219,37.54346546086638,127.20854915309118,taxi
629,1308,37.53807415,127.204577,37.53837814999999,127.1474871,taxi
630,1308,37.509752,127.13362160000001,37.5697514,127.1810474,taxi
631,1308,37.528863100811165,127.23115254226835,37.48276171933479,127.13958055704357,taxi
632,1309,37.53964288551892,127.22400726531448,37.4691153,127.1673931,taxi
633,1309,37.480817349999995,127.1476777,37.48497845,127.1382344,taxi
634,1309,37.57867785,127.2193987,37.5854797,127.21834975000002,taxi
635,1309,37.5437469,127.22096484999999,37.58189057041791,127.2192228798613,taxi
636,1310,37.547431149999994,127.20517235000001,37.495608149999995,127.14158175,taxi
637,1311,37.48012625,127.13897865,37.53141805434065,127.15344318803665,taxi
638,1311,37.49921260885088,127.14268342300569,37.58252681729436,127.21142654736,taxi
639,1311,37.57780472848524,127.18600324866337,37.58982801357632,127.21534720820543,taxi
640,1313,37.57242815,127.18990639999998,37.52444539014876,127.19446098659058,taxi
641,1313,37.561555600000005,127.17667725000001,37.56968715,127.18359295,taxi
642,1313,37.575744650000004,127.17880254999999,37.57408463387742,127.17886340502406,taxi
643,1314,37.4674684123511,127.15264494397124,37.55025816965422,127.1652167855962,taxi
644,1314,37.54865891872931,127.16753655844741,37.5503995,127.20113315,taxi
645,1314,37.5779134,127.19257710000001,37.5448546,127.20869904999999,taxi
646,1314,37.46843458406101,127.14104888560132,37.5223182,127.13418455,taxi
647,1314,37.4840484,127.14861960000002,37.4972007,127.1413127,taxi
648,1315,37.49852720723116,127.23437367151716,37.5414143,127.21857315,taxi
649,1315,37.53731739999999,127.21202875,37.57265422436428,127.18423416259084,taxi
650,1316,37.48514653461263,127.14975314883385,37.557994026970476,127.19135199310922,taxi
651,1316,37.5544104,127.19651965,37.544984387188975,127.19398552067858,taxi
652,1317,37.5377373,127.2134571,37.55535674359944,127.19203260107,taxi
653,1317,37.52233115246224,127.22123724994181,37.563683682383314,127.20190954423124,taxi
654,1318,37.48354665,127.1387695,37.562038400000006,127.17708215,taxi
655,1318,37.464833321567745,127.14406956152914,37.50707527214293,127.14021091053534,taxi
656,1318,37.54663669999999,127.19245715000001,37.53741565,127.2012661,taxi
657,1318,37.5222044,127.2274233,37.516861950000006,127.1377387,taxi
658,1318,37.549023439591615,127.22702596822485,37.46229375,127.1716911,taxi
659,1319,37.47974179713593,127.13886183688976,37.49354367816896,127.15415003109457,taxi
660,1319,37.4806296,127.14775530000001,37.50029017798809,127.13623764003218,taxi
661,1319,37.5083134,127.15296935,37.554547803607655,127.21848256917039,taxi
662,1319,37.5463714,127.15676529999999,37.55641095,127.18733844999998,taxi
663,1319,37.53549823730922,127.22354553576456,37.48336215762054,127.14115786213308,taxi
664,1320,37.53109129008644,127.28061905497836,37.54631320536362,127.20562812088583,taxi
665,1320,37.55266175,127.2098379,37.55040615,127.1857511,taxi
666,1321,37.5548523,127.1794696,37.587516699999995,127.2047925,taxi
667,1321,37.53555739686624,127.2041763713106,37.5370078,127.22596405,taxi
668,1321,37.559009684759886,127.18103073199816,37.47813415,127.13780765,taxi
669,1321,37.533500454811424,127.21238237043868,37.52924365,127.14334029999999,taxi
670,1322,37.555761084341015,127.19741882060161,37.58897911717783,127.2124830565383,taxi
671,1323,37.4865859,127.14634484999999,37.563855700000005,127.18110525000002,taxi
672,1323,37.48637942785219,127.1455593936474,37.589399550333006,127.21262663222518,taxi
673,1324,37.47707811708439,127.181494368201,37.5761765,127.20438625000001,taxi
674,1324,37.578542297341386,127.18351267587913,37.5876786,127.21643069999999,taxi
675,1325,37.5622702,127.1996553,37.5506872,127.17280085,taxi
676,1325,37.57831205,127.18661644999999,37.55265901196257,127.21112044380395,taxi
677,1325,37.499869833391465,127.1385783369884,37.56043875,127.18587140000001,taxi
678,1325,37.54305205,127.22465604999998,37.53802085698079,127.22104666492798,taxi
679,1326,37.541758045046286,127.21999079475317,37.58212937307071,127.19361718029968,taxi
680,1326,37.54065745,127.2144766,37.4843289,127.1593087,taxi
681,1326,37.53899215,127.20753130000001,37.4874632,127.14935595,taxi
682,1326,37.54392934470648,127.22446682415192,37.53668522278679,127.21297452185291,taxi
683,1327,37.547192305202,127.2087035915842,37.4962134,127.1468613,taxi
684,1327,37.47396865,127.15059775,37.57627445,127.17894460000001,taxi
685,1328,37.52208353945837,127.2262607477468,37.5573067,127.19630345000002,taxi
686,1328,37.56422276833977,127.18234406164373,37.56717535,127.17639969999999,taxi
687,1329,37.5900917,127.20033435,37.53043178386106,127.1737762128874,taxi
688,1330,37.49752855402514,127.16079650608768,37.5647174,127.175056,taxi
689,1330,37.55297597820045,127.21247613400055,37.516684687716456,127.13273634825106,taxi
690,1330,37.51506793428166,127.27847398155407,37.56263199049229,127.18695542696429,taxi
691,1331,37.54541045,127.1732792,37.53940655337594,127.21100209815515,taxi
692,1331,37.57708477135552,127.17986979997595,37.54800441674554,127.16854652715061,taxi
693,1331,37.57974341090571,127.22165650389205,37.4847863279986,127.1505206290565,taxi
694,1331,37.49625405,127.1525756,37.57683965,127.18759715,taxi
695,1331,37.543292162213305,127.20072228113813,37.57459115,127.18905889999999,taxi
696,1332,37.54342805,127.20888705,37.5434444,127.21486929999999,taxi
697,1332,37.57250179848718,127.17141582282532,37.52081908617861,127.20255054390468,taxi
698,1332,37.5078912,127.13365875,37.47639597070664,127.1446709849599,taxi
699,1333,37.477219323763386,127.18118350882452,37.462356299999996,127.17069169999999,taxi
700,1333,37.55982695,127.20403045000002,37.56805740726054,127.19441287039118,taxi
701,1335,37.57794588019532,127.19240087095561,37.5741678,127.17339279999999,taxi
702,1335,37.5152293,127.13407035000002,37.5517833,127.1563151,taxi
703,1335,37.5742124,127.18904610000001,37.55817265,127.204078,taxi
704,1337,37.540543299999996,127.2075774,37.50545171168592,127.13262632257263,taxi
705,1338,37.47033822162356,127.1392097742454,37.48074115,127.15219934999999,taxi
706,1338,37.51032875,127.13130559999999,37.47988637047122,127.13919580111191,taxi
707,1338,37.474375578379586,127.15284069521972,37.470351030621956,127.13764811990188,taxi
708,1338,37.4720546,127.15335835,37.536714,127.22423535,taxi
709,1339,37.59049295,127.17254655,37.509136850000004,127.1336455,taxi
710,1339,37.57163638524981,127.19016816215995,37.5133679,127.13444380000001,taxi
711,1339,37.54375135,127.2248516,37.538297791711244,127.23562265882336,taxi
712,1339,37.47714315000001,127.13408795,37.5461819,127.20644575,taxi
713,1339,37.55094149472362,127.20893835968585,37.57066045,127.1871972,taxi
714,1340,37.51485145,127.15534059999999,37.4888138,127.14977189999999,taxi
715,1340,37.52345699999999,127.18692409999998,37.57190215,127.18435805,taxi
716,1340,37.524401017004266,127.22133832090547,37.56513905,127.18254445,taxi
717,1340,37.560191849999995,127.1859986,37.57410955,127.1739721,taxi
718,1341,37.54417859323454,127.21798219935823,37.53983244415711,127.21728832855024,taxi
719,1341,37.49782268071116,127.16087735569613,37.4989110695847,127.14942047966271,taxi
720,1341,37.5355097,127.14836944999999,37.533181400000004,127.19680135,taxi
721,1342,37.485512229219296,127.14889092282803,37.565198050000006,127.1888988,taxi
722,1342,37.520303408613124,127.22772993562896,37.5723093,127.1877932,taxi
723,1342,37.46229375,127.1716911,37.4962165,127.1685131,taxi
724,1342,37.467456665910106,127.15931968151183,37.50677413079954,127.13681875674118,taxi
725,1344,37.545095399999994,127.22103045,37.521828400617075,127.2929246323567,taxi
726,1344,37.53685485,127.22625049999999,37.5379596,127.18169764999998,taxi
727,1344,37.5163048,127.13367984999998,37.5849451,127.21580875000001,taxi
728,1344,37.4846848,127.14816814999999,37.51156220903011,127.13053861548862,taxi
729,1345,37.50391741522847,127.160429571457,37.57356424762757,127.17262290967435,taxi
730,1345,37.56949375,127.1810979,37.527696057719595,127.22720296708428,taxi
731,1345,37.480395926321094,127.14495633388276,37.56918485,127.19946529999999,taxi
732,1345,37.490751238327746,127.15504134024211,37.473033650000005,127.1406078,taxi
733,1345,37.5581777,127.20129785,37.47422575,127.14210145,taxi
734,1345,37.538806949999994,127.21553484999998,37.542180200000004,127.219263,taxi
735,1345,37.57210520248068,127.18925374135624,37.54341047881051,127.20855471533771,taxi
736,1346,37.551910204904765,127.18930508235749,37.49303515,127.14455275000002,taxi
737,1346,37.55498835,127.21694965,37.57556704802177,127.18059244351129,taxi
738,1347,37.557021649999996,127.17314010000001,37.4878569,127.1423671,taxi
739,1348,37.53933387341374,127.15265905981819,37.47240494724674,127.13737114790258,taxi
740,1348,37.497915649999996,127.14642235,37.56269920883102,127.20084039309121,taxi
741,1348,37.5553797,127.20133440000002,37.49412131285878,127.15398707312514,taxi
742,1348,37.50691859087475,127.13998681064731,37.54065745,127.2144766,taxi
743,1348,37.5427452,127.2037108,37.55158805,127.15666815,taxi
744,1349,37.54341515,127.17518459999998,37.4784746,127.13953674999999,taxi
745,1349,37.51564285,127.28116035,37.4968789,127.14236455,taxi
746,1349,37.484483,127.15570765000001,37.54087125589696,127.19984211717474,taxi
747,1351,37.47831863213944,127.13784638323155,37.48000589938138,127.14304715987484,taxi
748,1352,37.47871425,127.1381508,37.54883364064218,127.22299256540492,taxi
749,1352,37.492001200000004,127.1483155,37.48597265556061,127.16214462660786,taxi
750,1353,37.50436870475163,127.14937393934173,37.51722995,127.1320464,taxi
751,1353,37.54929941588253,127.22501801305833,37.50928214772238,127.24705299832232,taxi
752,1354,37.52642625,127.14617945,37.47961357392921,127.1396587690741,taxi
753,1354,37.47530808066703,127.14369958341427,37.55731469452291,127.17991860078529,taxi
754,1355,37.59196575,127.19711625,37.56295677463302,127.19779016894205,taxi
755,1355,37.55176045,127.20366405,37.522207800000004,127.2263366,taxi
756,1355,37.554932016235405,127.18677254491378,37.53141805434065,127.15344318803665,taxi
757,1355,37.53441905,127.19695965,37.5802654,127.21685704999999,taxi
758,1355,37.5461794,127.21336725,37.563975049999996,127.20165404999999,taxi
759,1355,37.58160885,127.19186454999999,37.47753715,127.14706525,taxi
760,1356,37.5321955,127.1439968,37.51170535,127.1316987,taxi
761,1356,37.48363005,127.13836524999999,37.5763144,127.20495595,taxi
762,1357,37.551853537595534,127.20737857359919,37.559339462862425,127.19465879598219,taxi
763,1357,37.47530808066703,127.14369958341427,37.561540199999996,127.18092104999998,taxi
764,1357,37.55566215,127.19127409999999,37.53665438466113,127.16198513569357,taxi
765,1357,37.56659835,127.1893669,37.5648541,127.19231255,taxi
766,1357,37.54979435754816,127.18847290004551,37.54388605,127.2043967,taxi
767,1358,37.4691050162937,127.15193479084449,37.54657065,127.21062365,taxi
768,1358,37.54539185,127.20562005,37.575717425900464,127.17166290186475,taxi
769,1359,37.491348200000004,127.1539059,37.54863255,127.18548595,taxi
770,1359,37.56936246280076,127.19920119869688,37.577628677260535,127.19755133761014,taxi
771,1360,37.47247860494487,127.140875073893,37.5228025,127.21925765,taxi
772,1360,37.58227515,127.21076740000001,37.55758858841003,127.19689149020654,taxi
773,1360,37.469052,127.15872724999998,37.47504623965762,127.15390186575327,taxi
774,1360,37.576157424247576,127.18521371694175,37.55285965,127.19001575,taxi
775,1360,37.493290027485514,127.14858536908497,37.55287715,127.2093728,taxi
776,1360,37.56975695,127.19379445,37.53764175,127.25132545,taxi
777,1360,37.462900250000004,127.17051649999999,37.5661633,127.19654065,taxi
778,1361,37.56805085,127.17609820000001,37.56442636916353,127.20081667955519,taxi
779,1361,37.571478389391686,127.18027979740818,37.54935420240001,127.21678206597512,taxi
780,1361,37.48678652922365,127.16435026730096,37.5505309,127.18904305000001,taxi
781,1361,37.48595745,127.15225604999999,37.551969521437485,127.21040721524601,taxi
782,1361,37.507045500000004,127.1403613,37.56154756149101,127.1898041834373,taxi
783,1362,37.552425700756416,127.19394028616829,37.478660399999995,127.14242544999999,taxi
784,1362,37.4705211,127.15530625,37.56748505,127.21199835,taxi
785,1362,37.56221044183094,127.17121917563513,37.468374413048764,127.15073081742186,taxi
786,1362,37.5485398,127.17144735,37.526321749999994,127.27374689999998,taxi
787,1362,37.549376822507284,127.2175946049103,37.531174511174385,127.20522236219493,taxi
788,1362,37.49528818190995,127.1587475288744,37.48527897470046,127.14267851997535,taxi
789,1362,37.5073737,127.13040494999998,37.480127676198535,127.13941769716978,taxi
790,1363,37.47114654801559,127.20021575311412,37.48514398537166,127.15321739512777,taxi
791,1363,37.4707762,127.1441891,37.536123849999996,127.2544494,taxi
792,1363,37.54274016896036,127.21639248741097,37.4858955,127.15225620000001,taxi
793,1364,37.51425274280023,127.13650972451961,37.478963863701885,127.13918705888531,taxi
794,1365,37.48485355,127.1521817,37.55725322968128,127.2090833957477,taxi
795,1365,37.47831275,127.1379048,37.5771825451756,127.17590798408652,taxi
796,1365,37.550835881075905,127.21471145050317,37.556534579393514,127.21865540999568,taxi
797,1366,37.56561095,127.19031715000001,37.49415547847078,127.14771214598002,taxi
798,1366,37.47365338741301,127.13334765113423,37.52885024665413,127.22240080922806,taxi
799,1366,37.5398687,127.2104372,37.563214227160955,127.19532782254646,taxi
800,1366,37.508598500000005,127.13322775,37.52659392302216,127.22664195987612,taxi
801,1366,37.477649997220155,127.1468130290068,37.52660075181603,127.16094119923098,taxi
802,1366,37.56300601771339,127.17853733402714,37.56970045,127.19601775000001,taxi
803,1367,37.56105951361873,127.18088308533795,37.562332600000005,127.17043035,taxi
804,1368,37.557021649999996,127.17314010000001,37.575615825829544,127.17179433101114,taxi
805,1368,37.5559679,127.19407015,37.51703758787068,127.13431039052718,taxi
806,1368,37.49683265,127.15871855,37.58483545,127.2157026,taxi
807,1368,37.55301017455266,127.1599461901955,37.57617374908348,127.17525700139876,taxi
808,1368,37.50414372525085,127.16183165564168,37.57193915906363,127.19516278972102,taxi
809,1369,37.47554617640146,127.13384342750464,37.5696531,127.18371339999999,taxi
810,1369,37.52056815155246,127.15617411916006,37.564353597849674,127.1889926496218,taxi
811,1369,37.50288319845293,127.1695291044701,37.54397188075098,127.21598608982286,taxi
812,1369,37.5457928,127.217528,37.573559200000005,127.1833778,taxi
813,1369,37.5132975,127.13076985,37.553828008156806,127.18161785030267,taxi
814,1369,37.5378914,127.18180515,37.48004677294375,127.14155386975393,taxi
815,1370,37.57274145,127.18124925000001,37.4743192,127.14073215000002,taxi
816,1370,37.51272784800712,127.13809458793662,37.463920328818084,127.17262866317304,taxi
817,1371,37.5777948,127.2253766,37.530273444621216,127.14037962291262,taxi
818,1371,37.502119000635915,127.15627780525273,37.5624885214635,127.1789216096561,taxi
819,1372,37.58735515951329,127.21712822477586,37.4749207,127.14802789999999,taxi
820,1373,37.46213025,127.17095615,37.54807375,127.18879155,taxi
821,1373,37.50220274813979,127.15549457616282,37.51506028218009,127.27796013017847,taxi
822,1374,37.541122,127.2032205,37.5496537,127.17619045,taxi
823,1375,37.55939045,127.2059734,37.48316858789087,127.1380827797013,taxi
824,1375,37.577586249999996,127.18155525,37.5399671,127.21195839999999,taxi
825,1375,37.4969804,127.15258275,37.47058465,127.1406252,taxi
826,1376,37.5635994,127.20013605,37.5317575516115,127.19990792318015,taxi
827,1376,37.5771825451756,127.17590798408652,37.52245993307918,127.18832618451069,taxi
828,1377,37.576770350000004,127.18074190000002,37.47927335,127.14905275000001,taxi
829,1377,37.566884669192525,127.17651952332602,37.57292825869322,127.18349791927666,taxi
830,1377,37.465717350000006,127.14132434999999,37.501258289502275,127.14481304518274,taxi
831,1377,37.5397502,127.2189228,37.50304735,127.13537615,taxi
832,1377,37.4689719,127.1383658,37.52364322233539,127.1868891349058,taxi
833,1378,37.5761817,127.18063190000002,37.506607088416644,127.17006115825626,taxi
834,1378,37.57635975,127.17949899999999,37.4796765,127.14302655,taxi
835,1378,37.54235059987006,127.1758861910287,37.503001749999996,127.13743445,taxi
836,1379,37.5589459,127.21313085,37.5285246,127.13945844999999,taxi
837,1379,37.555758999999995,127.184158,37.5077061,127.15477949999999,taxi
838,1379,37.50348375,127.1354453,37.51195324239971,127.18043854799987,taxi
839,1379,37.547748768627876,127.17366008703333,37.552708499999994,127.21004260000001,taxi
840,1379,37.477034517528736,127.13466436454172,37.476178202562956,127.24047364289135,taxi
841,1380,37.50034695,127.15658495000001,37.537102250000004,127.20359875,taxi
842,1380,37.5497546,127.18594305,37.5219178,127.1881989,taxi
843,1381,37.56645223267404,127.16473986054375,37.54033865,127.22616339999998,taxi
844,1381,37.58592829299504,127.21324182170692,37.4861581,127.14456315,taxi
845,1381,37.58573109622375,127.21263535930579,37.47811065,127.14157465,taxi
846,1382,37.49788805,127.14247345,37.485512229219296,127.14889092282803,taxi
847,1382,37.543183799705034,127.14816716544976,37.47841019464465,127.14157089775323,taxi
848,1382,37.533720876368974,127.16532349700474,37.5114356,127.1325923,taxi
849,1382,37.49492318507936,127.15074358617922,37.494786902253466,127.1529097642926,taxi
850,1383,37.569466435105035,127.18067612315363,37.51653363915456,127.1487690961896,taxi
851,1383,37.52256115,127.2244555,37.56153865,127.18719185,taxi
852,1384,37.55255472989403,127.20456251408963,37.52229105,127.2278682,taxi
853,1384,37.5471286,127.2153491,37.5882971,127.21083450000002,taxi
854,1384,37.469988,127.14162700000001,37.55920025,127.2132436,taxi
855,1384,37.528797049750295,127.22297055022577,37.55408645,127.2116696,taxi
856,1384,37.56798135,127.1880113,37.543189549999994,127.2123556,taxi
857,1385,37.532715499999995,127.1455358,37.53965842552432,127.15079705840341,taxi
858,1385,37.5706585,127.17866685,37.47122988098863,127.13499752410783,taxi
859,1385,37.52229607933582,127.22208313926626,37.57975165975997,127.19132417911574,taxi
860,1386,37.53162636305781,127.19781817504027,37.55072025,127.1843634,taxi
861,1386,37.56966800878535,127.19824640313172,37.55591,127.18681699999998,taxi
862,1386,37.5551093,127.19931670000001,37.5973987327591,127.17577278842244,taxi
863,1387,37.50823965849276,127.16320139363376,37.5546627,127.17998685,taxi
864,1387,37.57721025,127.18497930000001,37.49276449999999,127.1442196,taxi
865,1387,37.55700654971588,127.20908251134436,37.52268253786474,127.22126892309737,taxi
866,1387,37.52131363379977,127.17503205961407,37.4893328,127.15753635000002,taxi
867,1388,37.57369735,127.18017269999999,37.54098535,127.21412175,taxi
868,1388,37.47437015,127.13730484999999,37.486340753608395,127.16103285713798,taxi
869,1388,37.5150975,127.14796989999999,37.54185856668111,127.21547805653128,taxi
870,1388,37.55023180426018,127.18865644530396,37.55993745,127.21245404999999,taxi
871,1389,37.542292849999995,127.210352,37.56479655,127.1921121,taxi
872,1389,37.4679821,127.13794275000001,37.545640443393424,127.24350601669433,taxi
873,1390,37.5496275,127.21228675,37.46973831414036,127.17041777715079,taxi
874,1391,37.56856775,127.19869375,37.55098753355297,127.21915589981414,taxi
875,1392,37.55433555777454,127.18004131482749,37.464418699999996,127.1450773,taxi
876,1392,37.46458234526945,127.14785052699224,37.53358968034321,127.21007244881152,taxi
877,1394,37.5532782,127.16527805,37.546740146048265,127.19526870769793,taxi
878,1394,37.4847407,127.14255215000001,37.561552649999996,127.19436919999998,taxi
879,1395,37.46232856265958,127.15514045383097,37.4846997798372,127.1510007389501,taxi
880,1396,37.52848185,127.142466,37.5648384,127.1924354,taxi
881,1396,37.57284585,127.18356415,37.56625492265903,127.23775618048093,taxi
882,1397,37.4806069,127.1938301,37.544901516596354,127.20818209018233,taxi
883,1398,37.593880921478316,127.1793957135032,37.550141191286656,127.17347075476076,taxi
884,1399,37.49755589731242,127.1510310397029,37.54502272987855,127.19313802723163,taxi
885,1399,37.5144818,127.15590550000002,37.550392900000006,127.16537455,taxi
886,1400,37.538688444319995,127.15091756919078,37.51085525,127.14128679999999,taxi
887,1400,37.547899648004396,127.2190360093037,37.46993078656949,127.14138912930474,taxi
888,1401,37.501293286121204,127.13309741020572,37.55869972837331,127.23589011005352,taxi
889,1401,37.56968129646098,127.17572467597232,37.56614410237566,127.18944558034832,taxi
890,1401,37.5883422,127.20418459999999,37.548023799999996,127.18385370000001,taxi
891,1401,37.5354776,127.20362245,37.51015715,127.14979905,taxi
892,1401,37.543845700000006,127.22450795,37.472058766696414,127.14714024469859,taxi
893,1402,37.489010137394885,127.15191543364665,37.526534350000006,127.1448896,taxi
894,1402,37.561183549999996,127.192259,37.5507879,127.17067539999998,taxi
895,1403,37.552138549999995,127.18977265,37.56864991754653,127.17551937280383,taxi
896,1403,37.562346899999994,127.19729430000001,37.46863755,127.14172134999998,taxi
897,1404,37.533078,127.1441442,37.4828426,127.13936265,taxi
898,1404,37.53311325,127.2019353,37.558650400000005,127.17790265,taxi
899,1404,37.57749115,127.1911139,37.499548897892936,127.15136378234946,taxi
900,1405,37.58784403959473,127.20633137667858,37.51150335,127.1324192,taxi
901,1405,37.52292920902424,127.15593540397151,37.533908267215594,127.20296286006436,taxi
902,1407,37.55015975,127.21848229999999,37.4739502,127.1473052,taxi
903,1407,37.47627559571463,127.22373834383562,37.49665895,127.1513259,taxi
904,1407,37.562268429367165,127.18733420927639,37.506916149999995,127.15511655,taxi
905,1408,37.53324066962881,127.20099725493719,37.52919953342081,127.19172591130305,taxi
906,1409,37.5641788,127.18381535000002,37.546367149999995,127.1701966,taxi
907,1409,37.50331299076311,127.21201560916603,37.55740310968039,127.18831667803178,taxi
908,1409,37.51738295,127.13198495,37.5659571,127.1760908,taxi
909,1410,37.4956643,127.15915770000001,37.4774406,127.1400656,taxi
910,1410,37.549049734139984,127.1675024566177,37.48203353113728,127.20302189846315,taxi
911,1410,37.58669273000644,127.21551793378526,37.550628380186524,127.2084369587388,taxi
912,1411,37.491348200000004,127.1539059,37.537341749999996,127.1717509,taxi
913,1411,37.57554885934775,127.16943723669263,37.538761199999996,127.2166992,taxi
914,1411,37.564191039172634,127.17522136502517,37.56179215,127.18936504999999,taxi
915,1411,37.56561095,127.19031715000001,37.57053928581411,127.2264796132639,taxi
916,1412,37.4863214,127.1572874,37.55527097036767,127.21895665563045,taxi
917,1412,37.5382909,127.2358788,37.485014898115914,127.18822514536609,taxi
918,1412,37.568856149999995,127.22891245,37.477162956212744,127.13856901641316,taxi
919,1412,37.4862291,127.14628095,37.50358950829653,127.13800532427508,taxi
920,1413,37.54475705,127.22570960000002,37.47996917867529,127.14175267149892,taxi
921,1413,37.4744260255908,127.15250402156357,37.4778948,127.14724035000002,taxi
922,1413,37.47437015,127.13730484999999,37.5378108,127.20692299999999,taxi
923,1413,37.54350745,127.21614355,37.56995475,127.19269475,taxi
924,1413,37.58949792569371,127.17462453535693,37.531972100000004,127.16711955,taxi
925,1413,37.57974341090571,127.22165650389205,37.5491735,127.1562451,taxi
926,1414,37.46664255,127.14319975000001,37.554383,127.19238095,taxi
927,1415,37.47767339254964,127.14687933389361,37.576706019766604,127.19309583893872,taxi
928,1415,37.48115212932791,127.14493803953727,37.54404486997646,127.21611464630972,taxi
929,1415,37.478231449999996,127.14737034999997,37.53860685,127.21400485,taxi
930,1415,37.47445335128393,127.15546127340646,37.535520149999996,127.1996892,taxi
931,1416,37.54323185,127.2126877,37.549016055326575,127.19855954945045,taxi
932,1416,37.51223841040789,127.18113659217828,37.501826356899464,127.16704853716833,taxi
933,1416,37.547097050000005,127.2144675,37.556588500000004,127.19212565000001,taxi
934,1417,37.54295302999305,127.2044954996256,37.47997275,127.14036680000001,taxi
935,1417,37.572422397802626,127.19356792828837,37.568507,127.1934651,taxi
936,1417,37.497309599999994,127.14395625,37.5320651735672,127.28712879561488,taxi
937,1417,37.52956967056262,127.222529172307,37.56182155,127.2142072,taxi
938,1417,37.5865309,127.20630885,37.504899249999994,127.1611364,taxi
939,1417,37.556755065484765,127.18195546221696,37.54244878572682,127.21622989055207,taxi
940,1418,37.56357745,127.19857030000001,37.51554305,127.13801115000001,taxi
941,1418,37.56761185,127.18191755000001,37.5220126,127.1886619,taxi
942,1420,37.568873448099495,127.17669463370976,37.564626950000005,127.1950305,taxi
943,1420,37.472682750000004,127.15062875,37.543829295303844,127.2176556807825,taxi
944,1421,37.540543299999996,127.2075774,37.50235225,127.1346348,taxi
945,1421,37.54975145,127.15779839999999,37.5553831,127.18908690000002,taxi
946,1421,37.474140073457505,127.14186205401106,37.496444158823934,127.23237828302858,taxi
947,1421,37.552251749999996,127.205108,37.51425088145116,127.29463564819793,taxi
948,1421,37.55289646095366,127.20618330337824,37.4934321,127.15137490000001,taxi
949,1421,37.534579554436874,127.15211993286731,37.47809556365917,127.14361896526403,taxi
950,1422,37.4974848982129,127.14971342230808,37.57474136892728,127.22146985653828,taxi
951,1422,37.48150720813295,127.1411686997876,37.56710984963661,127.17484701527057,taxi
952,1423,37.52570165175319,127.19287433262708,37.4980451,127.14716899999999,taxi
953,1423,37.532120692768515,127.20148920079623,37.49966518898939,127.15969590319796,taxi
954,1424,37.5120589,127.18107470000001,37.477172949999996,127.140142,taxi
955,1425,37.5547655,127.1898569,37.514870900000005,127.13098160000001,taxi
956,1425,37.571678045015084,127.18105163780712,37.54186795,127.24038125,taxi
957,1425,37.516745152732504,127.14375162277763,37.54087125589696,127.19984211717474,taxi
958,1425,37.55301544197713,127.18011701909232,37.55056690000001,127.1652882,taxi
959,1425,37.56428225,127.1847494,37.4773717,127.14134574999999,taxi
960,1425,37.578506888721726,127.218467094006,37.56088409246963,127.20420701180922,taxi
961,1425,37.5428414,127.20718794999999,37.587676621340904,127.20427866838924,taxi
962,1426,37.57464464919462,127.18419603741401,37.5500884,127.18674114999999,taxi
963,1426,37.525849880072144,127.27510523915952,37.54642587973659,127.24367178540945,taxi
964,1426,37.55719954590014,127.18166047026438,37.47528001159304,127.15428935087195,taxi
965,1426,37.56131889518145,127.17075205058029,37.55765522910174,127.18007256588736,taxi
966,1426,37.521471520614355,127.1979826354021,37.56305968037519,127.19052335589737,taxi
967,1426,37.47514195411125,127.13948562812713,37.57894693482399,127.21422410599159,taxi
968,1427,37.52068096238421,127.17545336950869,37.56147335,127.2003977,taxi
969,1428,37.56319285,127.1724089,37.536389,127.20867590000002,taxi
970,1428,37.47838756167448,127.14230322702524,37.5634221,127.18998835,taxi
971,1428,37.481131307475685,127.14535520013162,37.4695414,127.15008085000001,taxi
972,1428,37.46947596219275,127.15527955213155,37.54025155,127.20993774999998,taxi
973,1428,37.472686949999996,127.15052625000001,37.4671282,127.14185735,taxi
974,1428,37.54638891497745,127.2270697942777,37.545492249999995,127.20466955,taxi
975,1428,37.5469327393597,127.21724511523169,37.5568715,127.18195140000002,taxi
976,1429,37.47693995,127.18747715,37.5710828,127.18719885,taxi
977,1429,37.474377113201385,127.15301981220982,37.57640068680173,127.18496590125928,taxi
978,1429,37.52913817625494,127.16779045371482,37.51573952896497,127.13620696057114,taxi
979,1430,37.47317226861822,127.13926684525345,37.522331050000005,127.2250587,taxi
980,1430,37.5603086,127.2032584,37.51051425,127.13151375,taxi
981,1431,37.542425390416774,127.21743821856717,37.567038600000004,127.17817840000001,taxi
982,1431,37.492104164064024,127.15909265927915,37.54694535,127.2143154,taxi
983,1432,37.54901125,127.1933703,37.5781827,127.1828377,taxi
984,1432,37.57682239035524,127.1852046037335,37.5040128,127.15045839999999,taxi
985,1432,37.5511326,127.20924980000001,37.500145599999996,127.15103675000002,taxi
986,1432,37.576288336097264,127.19188892483322,37.52343894121158,127.17337968878302,taxi
987,1433,37.4724251048136,127.13664701539676,37.48034277391994,127.14646310626082,taxi
988,1434,37.47087051075903,127.15033207750743,37.49666945,127.141784,taxi
989,1435,37.478298381585034,127.21388267240268,37.48780135,127.1549023,taxi
990,1436,37.56209175,127.19386215,37.48693457440354,127.14717440694359,taxi
991,1436,37.484623695021696,127.14302166937681,37.49850065,127.14874085000001,taxi
992,1437,37.538319956915274,127.21775078879622,37.46296435,127.16674595,taxi
993,1437,37.48508673306689,127.15162028265864,37.547632055025815,127.18746338395313,taxi
994,1438,37.48427589702023,127.14544751502734,37.53930332874563,127.21237480599649,taxi
995,1438,37.577018100000004,127.18084759999999,37.546504748401496,127.19784038597562,taxi
996,1438,37.55076165,127.17052175,37.48207715187629,127.14087001699758,taxi
997,1438,37.55541705,127.19090739999999,37.55113445,127.2032601,taxi
998,1439,37.53169714188764,127.16440710463996,37.49707648434948,127.18754987397988,taxi
999,1439,37.565870950000004,127.19159655,37.53176065271127,127.20567669905223,taxi
