person_id,service_date,departure_time,origin_node,origin_raw_lat,origin_raw_lon,origin_lat,origin_lon,origin_snap_m,destination_node,destination_raw_lat,destination_raw_lon,destination_lat,destination_lon,destination_snap_m
P01,2024-10-07,09:00:00,n2477228800,37.52297851256653,127.11024950357127,37.5230708,127.1113267,95.5503669906006,n7275576258,37.49142514843378,127.15654513921041,37.4916728,127.1568007,35.590793494345654
P02,2024-10-07,09:00:00,n3800658911,37.51279688107491,127.14667624163594,37.5131287,127.1465501,38.53760725628448,n765071120,37.50580931121613,127.07465988559001,37.5059638,127.0748998,27.257361186375846
P03,2024-10-07,09:00:00,n8116304253,37.521736571478584,127.10224528353547,37.5212409,127.1017435,70.6833415721474,n6631005354,37.474480000027725,127.13341888413179,37.4746787,127.1330506,39.299026314652046
P04,2024-10-07,09:00:00,n9969331542,37.480163629404835,127.13216301671686,37.4800773,127.1322162,10.685132491452405,n2153862628,37.49661836913851,127.14761722782289,37.4971555,127.1477467,60.8086908227199
P05,2024-10-07,09:00:00,n8089119640,37.51721105382923,127.09824477802138,37.5176992,127.0982476,54.280023236659076,n3975396517,37.51582030736452,127.08186539193419,37.5162847,127.0814118,65.32207993209396
P06,2024-10-07,09:00:00,n1810748969,37.49832172825053,127.12257220206604,37.4979938,127.1229804,51.24848704359825,n1809564309,37.51471734751187,127.11330665277268,37.5151901,127.1133486,52.69778300901069
P07,2024-10-07,09:00:00,n10103111083,37.50664294205394,127.14119512414354,37.5065941,127.1413417,14.023673085688754,n4188616732,37.51208100219824,127.12113349679345,37.5121917,127.1209196,22.526620630584695
P08,2024-10-07,09:00:00,n765257944,37.50617108360474,127.09744613082854,37.506524,127.0973455,40.23397787244044,n1812027090,37.48538271795881,127.1314136235328,37.4851725,127.1313323,24.451755700177827
P09,2024-10-07,09:00:00,n13382743441,37.51439728689858,127.10716637231124,37.5145698,127.1070479,21.843972477406602,n2477248313,37.51894027123053,127.11243186261984,37.5186422,127.1134113,92.52162804756497
P10,2024-10-07,09:00:00,n6637271695,37.47432523866229,127.13467821155295,37.474451,127.1344442,24.940168380492526,n1812032917,37.4860024501192,127.12841187545978,37.4861127,127.128388,12.438926639387809
P11,2024-10-07,09:00:00,n765257871,37.49757395827138,127.09443730256285,37.4978887,127.0944948,35.36340650691348,n1812023170,37.486350303871035,127.12356649661851,37.4861574,127.1236348,22.28050910928204
P12,2024-10-07,09:00:00,n4488310493,37.496222433439286,127.1281296955993,37.4960456,127.1282157,21.07612816299931,n3662120293,37.508119175137786,127.13026830746813,37.5079889,127.1302476,14.600656567666324
P13,2024-10-07,09:00:00,n1811986272,37.470497340784355,127.12436594657422,37.4701223,127.1249302,64.95235267308284,n436854831,37.50788149618272,127.10151878890092,37.5073619,127.1016381,58.72722613603415
P14,2024-10-07,09:00:00,n436878362,37.53742657145152,127.11437010876381,37.53736,127.11475,34.30426437504795,n1809635659,37.500493013197215,127.1151675237217,37.50028,127.1152472,24.706903060170884
P15,2024-10-07,09:00:00,n3853498458,37.53580391177073,127.12285562536789,37.5352793,127.1227996,58.54304771520956,n5200446349,37.49946234033061,127.09393762055595,37.4996279,127.0931549,71.46162471711388
P16,2024-10-07,09:00:00,n1811980636,37.488354869051115,127.11801094627256,37.4883825,127.1182472,21.070051897108584,n1811986342,37.47338112086899,127.12117683720126,37.4742003,127.1212536,91.34023501123444
P17,2024-10-07,09:00:00,n5423734587,37.47090219047908,127.13239322959275,37.47133,127.1325463,49.451166968203985,n9409190017,37.48441535842611,127.13117697884225,37.4841746,127.1312413,27.366127029431166
P18,2024-10-07,09:00:00,n1805727478,37.50583026151096,127.10380113265732,37.505976,127.1044516,59.622305836634126,n4654898367,37.48517328577273,127.11747811206263,37.4855351,127.1167252,77.66536619075906
P19,2024-10-07,09:00:00,n2912275826,37.50301316459226,127.09858281574027,37.5029719,127.098788,18.672547471436875,n8693812051,37.52085231779013,127.09350917749151,37.5215354,127.0937004,77.80503851102455
P20,2024-10-07,09:00:00,n734690592,37.50159521490603,127.08225871346971,37.5018527,127.0823033,28.899974845162088,n6637271739,37.472721587584736,127.13290739960287,37.4728799,127.1329106,17.605827248009707
P21,2024-10-07,09:00:00,n4004283012,37.4780399970265,127.14490776534812,37.4781787,127.1443149,54.5421721644524,n4654898369,37.485958355542884,127.11496607673837,37.485808,127.1152816,32.47416116377361
P22,2024-10-07,09:00:00,n732440865,37.51202283462791,127.07865287778604,37.5119536,127.0784215,21.811951661674428,n12870101789,37.49898431035204,127.14307058954404,37.4990143,127.1430025,6.870305547856754
P23,2024-10-07,09:00:00,n1811986299,37.48061219973394,127.11896907013025,37.4801936,127.1185884,57.40091914703602,n1809559254,37.50960693876417,127.1077532402643,37.5095559,127.1076984,7.457029423366822
P24,2024-10-07,09:00:00,n1810732574,37.49169015691564,127.10901627744163,37.4918323,127.1079513,95.27958287665322,n765257616,37.497928922047016,127.09212179283678,37.4984823,127.0927504,82.83461625887531
P25,2024-10-07,09:00:00,n734816860,37.467613718053194,127.12501016460119,37.4669713,127.1251457,72.42831665009523,n5821684852,37.4738447778341,127.14685677750093,37.4739124,127.1471379,25.922934017995313
P26,2024-10-07,09:00:00,n1811980634,37.48729218789551,127.11647883395261,37.4877815,127.1161231,62.81317333977689,n1809559212,37.50711226466384,127.10810346624363,37.5072109,127.1080388,12.36239326164346
P27,2024-10-07,09:00:00,n765071204,37.503396241992625,127.07825191930917,37.5038907,127.0781882,55.26786658531544,n1810772929,37.5043600884455,127.11739894908371,37.504762,127.1170644,53.555151158145996
P28,2024-10-07,09:00:00,n5273391636,37.52952276804849,127.11251936419555,37.5293318,127.1124773,21.556247583099996,n1812000910,37.49254367761745,127.12929252054712,37.492832,127.12886,49.83959343133295
P29,2024-10-07,09:00:00,n1809570268,37.4998057593999,127.10816295695871,37.5002978,127.1073408,90.85037738387483,n8883176740,37.492103401595344,127.13367455545622,37.4919465,127.1337937,20.36866644057302
P30,2024-10-07,09:00:00,n3853477707,37.53412289129376,127.11423792594245,37.5339567,127.1142764,18.78847510539219,n1811989704,37.488103809581645,127.11941175165975,37.4877609,127.1185494,85.10593501398608
