time,waiting_passenger_cnt,fail_passenger_cnt,empty_vehicle_cnt,driving_vehicle_cnt
1080,0,0,80,0
1081,0,0,75,5
1082,0,0,71,9
1083,0,0,70,10
1084,0,0,68,12
1085,0,0,65,15
1086,0,0,64,16
1087,0,0,61,19
1088,0,0,57,23
1089,0,0,56,24
1090,0,0,56,24
1091,0,0,54,26
1092,0,0,52,28
1093,0,0,50,30
1094,0,0,49,31
1095,0,0,45,35
1096,0,0,47,33
1097,0,0,47,33
1098,0,0,46,34
1099,0,0,43,37
1100,0,0,46,34
1101,0,0,48,32
1102,0,0,49,31
1103,0,0,48,32
1104,0,0,47,33
1105,0,0,47,33
1106,0,0,47,33
1107,0,0,50,30
1108,0,0,52,28
1109,0,0,52,28
1110,0,0,49,31
1111,0,0,49,31
1112,0,0,45,35
1113,0,0,43,37
1114,0,0,36,44
1115,0,0,34,46
1116,0,0,35,45
1117,0,0,36,44
1118,0,0,34,46
1119,0,0,32,48
1120,0,0,34,46
1121,0,0,35,45
1122,0,0,31,49
1123,0,0,30,50
1124,0,0,26,54
1125,0,0,26,54
1126,0,0,23,57
1127,0,0,22,58
1128,0,0,22,58
1129,0,0,22,58
1130,0,0,17,63
1131,0,0,15,65
1132,0,0,18,62
1133,0,0,18,62
1134,0,0,17,63
1135,0,0,13,67
1136,0,0,11,69
1137,0,0,13,67
1138,0,0,17,63
1139,0,0,15,65
1140,0,0,13,67
1141,0,0,14,66
1142,0,0,18,62
1143,0,0,14,66
1144,0,0,18,62
1145,0,0,18,62
1146,0,0,18,62
1147,0,0,18,62
1148,0,0,20,60
1149,0,0,21,59
1150,0,0,20,60
1151,0,0,23,57
1152,0,0,22,58
1153,0,0,27,53
1154,0,0,31,49
1155,0,0,34,46
1156,0,0,38,42
1157,0,0,43,37
1158,0,0,45,35
1159,0,0,48,32
1160,0,0,49,31
1161,0,0,48,32
1162,0,0,47,33
1163,0,0,45,35
1164,0,0,42,38
1165,0,0,41,39
1166,0,0,40,40
1167,0,0,44,36
1168,0,0,43,37
1169,0,0,40,40
1170,0,0,41,39
1171,0,0,39,41
1172,0,0,38,42
1173,0,0,39,41
1174,0,0,37,43
1175,0,0,38,42
1176,0,0,39,41
1177,0,0,37,43
1178,0,0,40,40
1179,0,0,37,43
1180,0,0,38,42
1181,0,0,36,44
1182,0,0,35,45
1183,0,0,33,47
1184,0,0,32,48
1185,0,0,34,46
1186,0,0,30,50
1187,0,0,28,52
1188,0,0,27,53
1189,0,0,28,52
1190,0,0,28,52
1191,0,0,27,53
1192,0,0,24,56
1193,0,0,23,57
1194,0,0,20,60
1195,0,0,20,60
1196,0,0,21,59
1197,0,0,24,56
1198,0,0,25,55
1199,0,0,26,54
1200,0,0,23,57
1201,0,0,24,56
1202,0,0,25,55
1203,0,0,25,55
1204,0,0,26,54
1205,0,0,29,51
1206,0,0,30,50
1207,0,0,31,49
1208,0,0,30,50
1209,0,0,30,50
1210,0,0,32,48
1211,0,0,33,47
1212,0,0,37,43
1213,0,0,35,45
1214,0,0,35,45
1215,0,0,37,43
1216,0,0,39,41
1217,0,0,40,40
1218,0,0,41,39
1219,0,0,42,38
1220,0,0,44,36
1221,0,0,47,33
1222,0,0,50,30
1223,0,0,52,28
1224,0,0,51,29
1225,0,0,51,29
1226,0,0,51,29
1227,0,0,48,32
1228,0,0,48,32
1229,0,0,48,32
1230,0,0,43,37
1231,0,0,43,37
1232,0,0,44,36
1233,0,0,45,35
1234,0,0,46,34
1235,0,0,43,37
1236,0,0,37,43
1237,0,0,33,47
1238,0,0,32,48
1239,0,0,30,50
1240,0,0,26,54
1241,0,0,29,51
1242,0,0,29,51
1243,0,0,28,52
1244,0,0,26,54
1245,0,0,25,55
1246,0,0,21,59
1247,0,0,24,56
1248,0,0,24,56
1249,0,0,28,52
1250,0,0,27,53
1251,0,0,26,54
1252,0,0,27,53
1253,0,0,28,52
1254,0,0,31,49
1255,0,0,33,47
1256,0,0,35,45
1257,0,0,33,47
1258,0,0,35,45
1259,0,0,32,48
1260,0,0,35,45
1261,0,0,33,47
1262,0,0,31,49
1263,0,0,32,48
1264,0,0,32,48
1265,0,0,31,49
1266,0,0,33,47
1267,0,0,30,50
1268,0,0,27,53
1269,0,0,29,51
1270,0,0,32,48
1271,0,0,33,47
1272,0,0,35,45
1273,0,0,35,45
1274,0,0,33,47
1275,0,0,33,47
1276,0,0,29,51
1277,0,0,27,53
1278,0,0,30,50
1279,0,0,24,56
1280,0,0,25,55
1281,0,0,26,54
1282,0,0,28,52
1283,0,0,27,53
1284,0,0,26,54
1285,0,0,26,54
1286,0,0,27,53
1287,0,0,26,54
1288,0,0,30,50
1289,0,0,29,51
1290,0,0,31,49
1291,0,0,30,50
1292,0,0,30,50
1293,0,0,31,49
1294,0,0,33,47
1295,0,0,35,45
1296,0,0,35,45
1297,0,0,34,46
1298,0,0,32,48
1299,0,0,38,42
1300,0,0,37,43
1301,0,0,31,49
1302,0,0,31,49
1303,0,0,32,48
1304,0,0,37,43
1305,0,0,36,44
1306,0,0,34,46
1307,0,0,33,47
1308,0,0,29,51
1309,0,0,28,52
1310,0,0,29,51
1311,0,0,27,53
1312,0,0,31,49
1313,0,0,33,47
1314,0,0,32,48
1315,0,0,33,47
1316,0,0,32,48
1317,0,0,35,45
1318,0,0,35,45
1319,0,0,35,45
1320,0,0,35,45
1321,0,0,32,48
1322,0,0,32,48
1323,0,0,30,50
1324,0,0,32,48
1325,0,0,33,47
1326,0,0,30,50
1327,0,0,34,46
1328,0,0,37,43
1329,0,0,37,43
1330,0,0,35,45
1331,0,0,32,48
1332,0,0,30,50
1333,0,0,31,49
1334,0,0,34,46
1335,0,0,33,47
1336,0,0,36,44
1337,0,0,41,39
1338,0,0,38,42
1339,0,0,37,43
1340,0,0,33,47
1341,0,0,35,45
1342,0,0,32,48
1343,0,0,35,45
1344,0,0,33,47
1345,0,0,28,52
1346,0,0,30,50
1347,0,0,33,47
1348,0,0,30,50
1349,0,0,30,50
1350,0,0,34,46
1351,0,0,33,47
1352,0,0,34,46
1353,0,0,34,46
1354,0,0,32,48
1355,0,0,30,50
1356,0,0,30,50
1357,0,0,27,53
1358,0,0,31,49
1359,0,0,30,50
1360,0,0,26,54
1361,0,0,23,57
1362,0,0,17,63
1363,0,0,18,62
1364,0,0,19,61
1365,0,0,18,62
1366,0,0,16,64
1367,0,0,21,59
1368,0,0,18,62
1369,0,0,15,65
1370,0,0,18,62
1371,0,0,17,63
1372,0,0,16,64
1373,0,0,17,63
1374,0,0,20,60
1375,0,0,19,61
1376,0,0,21,59
1377,0,0,16,64
1378,0,0,16,64
1379,0,0,14,66
1380,0,0,15,65
1381,0,0,13,67
1382,0,0,11,69
1383,0,0,13,67
1384,0,0,11,69
1385,0,0,15,65
1386,0,0,15,65
1387,0,0,13,67
1388,0,0,10,70
1389,0,0,8,72
1390,0,0,7,73
1391,0,0,9,71
1392,0,0,13,67
1393,0,0,16,64
1394,0,0,18,62
1395,0,0,21,59
1396,0,0,21,59
1397,0,0,22,58
1398,0,0,23,57
1399,0,0,24,56
1400,0,0,25,55
1401,0,0,26,54
1402,0,0,26,54
1403,0,0,30,50
1404,0,0,28,52
1405,0,0,28,52
1406,0,0,34,46
1407,0,0,35,45
1408,0,0,38,42
1409,0,0,37,43
1410,0,0,38,42
1411,0,0,37,43
1412,0,0,38,42
1413,0,0,34,46
1414,0,0,34,46
1415,0,0,35,45
1416,0,0,32,48
1417,0,0,27,53
1418,0,0,25,55
1419,0,0,26,54
1420,0,0,26,54
1421,0,0,22,58
1422,0,0,24,56
1423,0,0,26,54
1424,0,0,31,49
1425,0,0,27,53
1426,0,0,24,56
1427,0,0,24,56
1428,0,0,18,62
1429,0,0,16,64
1430,0,0,16,64
1431,0,0,19,61
1432,0,0,17,63
1433,0,0,16,64
1434,0,0,16,64
1435,0,0,16,64
1436,2,0,0,59
1437,4,0,0,54
1438,8,0,0,51
1439,10,0,0,46
